No,Image_Name,Wrinkles,Freakles,Glasses,Hair_color,Hair_Top,No face,Hair visibility
1,seventh_50000_2.jpg,0,0,0,6,3,0,1
2,seventh_50000_2L28SACDcover2000.jpg,0,0,0,1,3,0,1
3,seventh_50000_3c6d58ee5d089858e58a41cd5bf7c9a973e0847e.jpg,0,0,0,0,3,0,1
4,seventh_50000_3dc26f78a45b73c0218645ccf5f15ac4.jpg,0,0,0,1,3,0,1
5,seventh_50000_5.jpg,0,0,0,3,3,0,1
6,seventh_50000_44d26b419229834542b2ea78ddca9422.jpg,0,0,0,0,0,1,1
7,seventh_50000_58ae400482bde1dccf61c66881093b68.jpg,0,0,0,4,3,0,1
8,seventh_50000_140px-Andre-marie-ampere2.jpg,1,0,1,2,3,0,1
9,seventh_50000_288.JPG,1,0,0,8,3,0,1
10,seventh_50000_322e2885a172a3638db54358dace09ac.jpg,0,0,0,4,3,0,1
11,seventh_50000_2015-08-20-1440086280-4153190-clinton-thumb.jpg,0,0,0,4,3,0,1
12,seventh_50000_6822b4fe6875307478380b601b261a98.jpg,1,0,0,6,3,0,1
13,seventh_50000_12360f97528a4613b833d7b21cc3a4ff.jpg,0,0,0,4,3,0,1
14,seventh_50000_17153_258807302672_711047672_4185273_1818348_n.jpg,0,0,0,3,3,0,1
15,seventh_50000_79551fa655ec681c7914dada196e0292.jpg,0,0,0,8,3,0,1
16,seventh_50000_304559.jpg,0,0,0,3,3,0,1
17,seventh_50000_304635.jpg,1,0,0,5,3,0,1
18,seventh_50000_304806.jpg,0,0,0,0,3,0,1
19,seventh_50000_304808.jpg,0,0,0,3,3,0,1
20,seventh_50000_304873.jpg,0,0,0,4,3,0,1
21,seventh_50000_304874.jpg,1,1,0,1,3,0,1
22,seventh_50000_304950.jpg,0,0,1,3,3,0,1
23,seventh_50000_304957.jpg,1,0,0,0,3,0,1
24,seventh_50000_304981.jpg,1,0,1,5,3,0,1
25,seventh_50000_304986.jpg,1,1,0,8,4,0,0
26,seventh_50000_305009.jpg,1,1,0,6,3,0,1
27,seventh_50000_305075.jpg,0,1,0,1,3,0,1
28,seventh_50000_305123.jpg,1,1,0,1,3,0,1
29,seventh_50000_305248.jpg,0,0,0,0,0,1,1
30,seventh_50000_305362.jpg,0,0,0,4,3,0,1
31,seventh_50000_305413.jpg,1,0,1,7,2,0,1
32,seventh_50000_305414.jpg,1,1,0,5,2,0,1
33,seventh_50000_305593.jpg,1,1,0,5,2,0,1
34,seventh_50000_305703.jpg,1,0,0,8,4,0,0
35,seventh_50000_305704.jpg,0,0,0,0,0,1,1
36,seventh_50000_305866.jpg,0,0,0,1,3,0,1
37,seventh_50000_305945.jpg,0,0,1,6,3,0,1
38,seventh_50000_306167.jpg,0,0,0,0,3,0,1
39,seventh_50000_306353.jpg,0,0,0,5,3,0,1
40,seventh_50000_306354.jpg,0,0,1,1,3,0,1
41,seventh_50000_306382.jpg,0,0,1,6,3,0,1
42,seventh_50000_306385.jpg,0,0,0,1,3,0,1
43,seventh_50000_306422.jpg,0,0,0,1,3,0,1
44,seventh_50000_306425.jpg,0,0,0,6,3,0,1
45,seventh_50000_306459.jpg,1,1,0,6,2,0,1
46,seventh_50000_306486.jpg,0,0,1,4,3,0,1
47,seventh_50000_306488.jpg,0,0,0,3,3,0,1
48,seventh_50000_306501.jpg,0,0,0,6,3,0,1
49,seventh_50000_306506.jpg,1,0,0,6,2,0,1
50,seventh_50000_306791.jpg,0,0,0,8,3,0,1
51,seventh_50000_306798.jpg,0,0,0,3,3,0,1
52,seventh_50000_306825.jpg,1,0,0,7,3,0,1
53,seventh_50000_306888.jpg,0,1,0,8,2,0,1
54,seventh_50000_306908.jpg,0,0,0,7,3,0,1
55,seventh_50000_306973.jpg,1,0,0,4,3,0,1
56,seventh_50000_306974.jpg,0,0,0,6,3,0,1
57,seventh_50000_307051.jpg,0,0,0,6,3,0,1
58,seventh_50000_307080.jpg,1,0,0,8,3,0,1
59,seventh_50000_307100.jpg,0,0,0,1,3,0,1
60,seventh_50000_307109.jpg,0,0,0,0,3,0,1
61,seventh_50000_307172.jpg,0,0,0,1,3,0,1
62,seventh_50000_307175.jpg,0,0,0,6,3,0,1
63,seventh_50000_307217.jpg,0,0,0,6,3,0,1
64,seventh_50000_307219.jpg,0,0,0,8,0,0,1
65,seventh_50000_307262.jpg,0,0,1,3,3,0,1
66,seventh_50000_307390.jpg,0,0,0,0,0,1,1
67,seventh_50000_307397.jpg,0,0,0,1,3,0,1
68,seventh_50000_307430.jpg,0,0,0,2,3,0,1
69,seventh_50000_307513.jpg,0,0,0,7,0,0,1
70,seventh_50000_307514.jpg,0,1,0,0,3,0,1
71,seventh_50000_307568.jpg,0,0,0,8,4,0,0
72,seventh_50000_307727.jpg,0,0,0,4,3,0,1
73,seventh_50000_1859665_f520.jpg,0,0,1,0,3,0,1
74,seventh_50000_3287830.jpg,0,0,0,7,3,0,1
75,seventh_50000_3394599_orig.jpg,1,0,0,1,3,0,1
76,seventh_50000_5375644_orig.jpg,0,0,0,4,3,0,1
77,seventh_50000_5684599b54f9b.image.jpg,1,1,0,8,2,0,1
78,seventh_50000_6977712_orig.jpg,0,0,0,6,2,0,1
79,seventh_50000_8946602_orig.jpg,1,0,0,8,0,0,1
80,seventh_50000_79179260_o.jpg,1,0,0,8,0,0,1
81,seventh_50000_150040783_d088ff3fd2_z.jpg,0,0,0,2,2,0,1
82,seventh_50000_3288699927_8561cc1f30_z.jpg,0,0,0,8,4,0,0
83,seventh_50000_3605941372_ac9902fc16_z.jpg,0,0,0,1,3,0,1
84,seventh_50000_3981150977_83c893a182_z.jpg_zz=1,0,0,1,6,3,0,1
85,seventh_50000_4090723839_a1938519cd.jpg,0,0,0,1,3,0,1
86,seventh_50000_4138641392_e59de48536_z.jpg,0,0,0,1,3,0,1
87,seventh_50000_4251641492_ba6b955915.jpg,0,0,0,8,3,0,1
88,seventh_50000_4343363503_6a3fa124ae.jpg,0,0,1,4,3,0,1
89,seventh_50000_4371309607_73ce7f831c_z.jpg,0,0,0,0,0,1,1
90,seventh_50000_4399517741_a25ea6198a_z.jpg_zz=1,0,0,0,6,2,0,1
91,seventh_50000_4801009683_3576c51587_z.jpg,1,1,0,5,3,0,1
92,seventh_50000_5164990569_659fcd0377_z.jpg,0,1,0,0,3,0,1
93,seventh_50000_5574335259_a9bdc22939_z.jpg,0,1,0,0,3,0,1
94,seventh_50000_5790871575_d1af827135_z.jpg,0,0,0,8,3,0,1
95,seventh_50000_6309153528_efc510ba76_z.jpg,0,0,0,8,3,0,1
96,seventh_50000_6931704746_819f239303_z.jpg,0,0,0,4,3,0,1
97,seventh_50000_8331580744_411b1783be_z.jpg,0,0,0,0,0,1,1
98,seventh_50000_8465993425_2610749fb7_z.jpg,0,0,0,8,4,0,0
99,seventh_50000_20100208204427_857-christelle-0.jpg,0,0,0,6,2,0,1
100,seventh_50000_793686428136334898-640x640.jpg,0,0,0,4,3,0,1
101,seventh_50000_a1b86d3c9366eb986e5b010f21c15dbc.jpg,0,0,0,3,3,0,1
102,seventh_50000_a4a0e25d4b33a7789e739076b275fc70.jpg,0,0,0,8,4,0,0
103,seventh_50000_a100cb51530c3708fe01ea6ad49a73a3.jpg,0,0,0,6,3,0,1
104,seventh_50000_AARON-JAMES-BEAM-Jr_mugshot.400x800.jpg,0,0,0,7,0,0,1
105,seventh_50000_anti_glare_outdoor_digital_signage_lcd_electronic_signage_display.jpg,0,0,0,6,3,0,1
106,seventh_50000_article-2467385-18A6C6DB00000578-927_306x467.jpg,0,0,0,0,0,1,1
107,seventh_50000_b1fa486f-s.jpg,0,0,0,4,3,0,1
108,seventh_50000_b207ed611f3a33b1407afe80bb19bc0a.jpg,1,1,0,3,3,0,1
109,seventh_50000_b5796298135f4a49d89da559db71a424.jpg,0,0,0,0,0,1,1
110,seventh_50000_bdb9512ce268a8527d7c7f9aec1043c9.jpg,0,0,0,0,3,0,1
111,seventh_50000_beautiful-black-woman.jpg,0,0,0,1,3,0,1
112,seventh_50000_Beauty-Woman-Hair.jpg,0,0,0,1,2,0,1
113,seventh_50000_ben-jealous.jpg,0,0,0,5,3,0,1
114,seventh_50000_bf03da05bfa5faf88904cf1dcb1ddf51.jpg,0,0,0,1,3,0,1
115,seventh_50000_bigstock-Beauty-Portrait-Beautiful-Spa-49163909.jpg,0,1,0,4,3,0,1
116,seventh_50000_black_lady.jpg,0,0,0,1,2,0,1
117,seventh_50000_blue%2Beyes.jpg,0,0,0,4,3,0,1
118,seventh_50000_brittany-daniel.jpg_w=270,0,0,0,7,1,0,1
119,seventh_50000_Bruce-Wilis-with-a-Glowing-Head-117433.jpg,0,0,0,2,3,0,1
120,seventh_50000_business4.jpg,0,0,0,8,0,0,1
121,seventh_50000_C1EL_ElaineHazell.jpg,0,0,0,0,3,0,1
122,seventh_50000_d9088aa5a96fb82ff61202ecd7fc8cb4.jpg,0,0,0,8,3,0,1
123,seventh_50000_Dyson_2010_12_10.png,0,0,0,4,3,0,1
124,seventh_50000_e8978f0cd77fffbfaba96a942aa1c241.jpg,1,1,0,6,3,0,1
125,seventh_50000_f61513107195720eda98070a05bb9dc2.jpg,0,0,0,0,3,0,1
126,seventh_50000_Glitch-Nick-Gentry-Upcycled-Film-Negatives.jpg,0,1,0,8,4,0,0
127,seventh_50000_Glowing-Skin-Products.jpg,0,0,0,0,0,1,1
128,seventh_50000_glowing-young-female-doctor-looking-pills-15621930.jpg,0,0,0,3,3,0,1
129,seventh_50000_hairfun.jpg,0,0,0,4,3,0,1
130,seventh_50000_hbz-makeup-trend-ss13-glowing-skin-dolce-e-gabb-lgn.jpg_w=610,1,0,0,6,3,0,1
131,seventh_50000_home-remedies-for-glowing-skin.jpg,0,0,0,4,3,0,1
132,seventh_50000_How-to-Get-Rid-of-Raccoon-Eyes-From-a-Tanning-Bed-0.jpg,0,0,0,6,3,0,1
133,seventh_50000_image006.png,0,0,2,1,4,0,1
134,seventh_50000_IMG_9558.jpg,0,0,1,8,3,0,1
135,seventh_50000_Jim-Beam-Movember-Fred-Noe-Vorher.jpg,0,0,0,3,3,0,1
136,seventh_50000_Julia-Bayne.jpg,0,0,0,4,4,0,1
137,seventh_50000_Katie-Holmes-01.jpg,0,0,0,4,3,0,1
138,seventh_50000_kids-sunglesses-fashiontoday+%252810%2529.png,0,0,2,1,3,0,1
139,seventh_50000_koch_robert.jpg,0,0,1,4,3,0,1
140,seventh_50000_ladder-out-2-220-165.jpg,0,0,1,4,3,0,1
141,seventh_50000_Lil_from_Ergo_Proxy_by_datacenter.jpg,0,0,0,0,0,1,1
142,seventh_50000_Marshall_photo_300.jpg,0,0,0,0,0,1,1
143,seventh_50000_Michelle-Williams-BLOTW.jpg,0,0,1,5,3,0,1
144,seventh_50000_microbraids3.jpg,0,0,0,5,3,0,1
145,seventh_50000_Miranda-Kerr-glowing-skin-glossy-pink-lips-were-perfect.jpg,0,0,0,6,3,0,1
146,seventh_50000_narcissism-normal.jpg,0,0,0,4,3,0,1
147,seventh_50000_NARS-Radiant-Creamy-Concealer-K.jpg,0,0,0,4,3,0,1
148,seventh_50000_natural-makeup-tips-for-green-eyes.jpg,0,0,0,4,3,0,1
149,seventh_50000_o0750113711583595209.jpg,0,0,0,0,3,0,1
150,seventh_50000_o0800113211991997606.jpg,0,0,0,6,3,0,1
151,seventh_50000_Oily-Skin.jpg,0,0,0,1,3,0,1
152,seventh_50000_Olivia_munn_blog_opt11.jpg,0,0,0,8,4,0,0
153,seventh_50000_Orange+-+Bobbi+Brown+1.jpg,0,0,0,1,3,0,1
154,seventh_50000_Ornigotti.jpg,0,0,0,3,3,0,1
155,seventh_50000_perm.jpg,0,0,0,8,2,0,1
156,seventh_50000_Pink7.jpeg,0,0,0,3,3,0,1
157,seventh_50000_radiant-blond-woman-brushing-her-hair-13766942.jpg,0,1,0,5,3,0,1
158,seventh_50000_Radiant-Rachel-Weisz-Vs-Magazine-4.jpg,0,0,0,0,3,0,1
159,seventh_50000_radiant-skin-13001472.jpg,0,0,0,1,3,0,1
160,seventh_50000_radiateur.jpg,0,0,0,4,3,0,1
161,seventh_50000_red-light-therapy.png,1,1,0,8,4,0,0
162,seventh_50000_scet_02_img0202.jpg,0,0,0,5,3,0,1
163,seventh_50000_sexy_sh.jpg,0,0,0,8,3,0,1
164,seventh_50000_Shirley_12_-_Copy.44100434_std.JPG,0,0,0,4,3,0,1
165,seventh_50000_soft-eyes-glowing-skin-and-nyx-maison-lipstick.jpg,0,1,0,1,3,0,1
166,seventh_50000_Sophie_Turner_beam.jpg,0,0,0,6,3,0,1
167,seventh_50000_SPT021452-1_20130723.jpg,0,1,0,0,3,0,1
168,seventh_50000_stone.jpg,0,0,0,6,3,0,1
169,seventh_50000_tumblr_inline_mpbr2exaRz1qz4rgp.png,0,0,0,0,3,0,1
170,seventh_50000_tumblr_llnnb7K5Rb1qh70jmo1_400.jpg,0,0,0,1,3,0,1
171,seventh_50000_tumblr_m6zhe8eq3z1r3z3m0o1_500.jpg,0,0,0,6,3,0,1
172,seventh_50000_tumblr_mp6igilpv41sq5usso10_250.png,0,0,0,4,3,0,1
173,seventh_50000_tumblr_nprelzJCeF1qhfs05o1_1280.jpg,0,0,0,0,3,0,1
174,seventh_50000_unnamed-11.jpg,0,0,0,1,3,0,1
175,seventh_50000_vascular1.png,0,0,0,5,3,0,1
176,seventh_50000_vi_c_202.jpg,0,0,0,0,3,0,1
177,seventh_50000_Vvaj5W3.jpg,0,0,0,7,3,0,1
178,first_50000_10.jpg,0,0,0,6,3,0,1
179,first_50000_19.jpg,1,0,0,0,3,0,1
180,first_50000_62.jpg,1,0,0,4,3,0,1
181,first_50000_105.jpg,0,0,0,0,0,1,1
182,first_50000_170.jpg,0,0,1,8,2,0,1
183,first_50000_269.jpg,0,0,0,1,3,0,1
184,first_50000_331.jpg,0,0,0,3,3,0,1
185,first_50000_334.jpeg,0,0,0,0,0,1,1
186,first_50000_336.jpg,0,0,0,0,0,1,1
187,first_50000_338.jpg,1,0,0,5,2,0,1
188,first_50000_344.jpg,1,0,0,1,3,0,1
189,first_50000_396.jpeg,1,0,0,2,3,0,1
190,first_50000_402.jpeg,1,0,0,4,3,0,1
191,first_50000_432.jpg,0,0,0,1,3,0,1
192,first_50000_449.jpg,0,0,0,1,3,0,1
193,first_50000_491.jpg,0,0,0,8,4,0,0
194,first_50000_496.jpg,0,0,0,0,2,0,1
195,first_50000_511.jpg,0,0,0,4,3,0,1
196,first_50000_516.jpg,0,0,1,5,2,0,1
197,first_50000_518.jpg,0,0,0,8,4,0,0
198,first_50000_673.jpg,0,0,0,5,2,0,1
199,first_50000_674.jpg,0,0,0,4,3,0,1
200,first_50000_681.jpeg,0,0,0,6,2,0,1
201,first_50000_722.jpg,0,0,0,4,2,0,1
202,first_50000_725.jpg,0,0,0,7,4,0,1
203,first_50000_786.jpg,1,0,0,0,3,0,1
204,first_50000_840.jpg,1,0,0,0,3,0,1
205,first_50000_849.jpg,0,0,0,0,0,1,1
206,first_50000_891.jpg,1,0,0,1,3,0,1
207,first_50000_898.jpg,0,0,0,1,3,0,1
208,first_50000_911.jpg,0,0,0,0,0,1,1
209,first_50000_918.jpg,0,0,0,8,3,0,1
210,first_50000_963.jpg,0,0,0,0,0,1,1
211,first_50000_964.jpg,0,0,0,4,3,0,1
212,first_50000_1008.jpg,0,0,0,8,4,0,0
213,first_50000_1073.jpg,0,0,0,3,3,0,1
214,first_50000_1125.jpg,0,0,1,3,3,0,1
215,first_50000_1150.jpg,0,0,0,3,3,0,1
216,first_50000_1157.jpg,0,0,0,0,0,1,1
217,first_50000_1159.jpg,0,0,0,0,3,0,1
218,first_50000_1181.jpg,0,0,0,8,4,0,0
219,first_50000_1186.jpg,0,0,0,0,3,0,1
220,first_50000_1188.jpg,1,1,0,8,4,0,0
221,first_50000_1232.jpg,0,1,0,6,3,0,1
222,first_50000_1235.jpg,0,0,2,7,3,0,1
223,first_50000_1240.jpg,0,1,0,8,4,0,0
224,first_50000_1291.jpg,0,0,0,1,3,0,1
225,first_50000_1363.jpg,0,0,1,3,3,0,1
226,first_50000_1364.jpg,0,0,1,5,2,0,1
227,first_50000_1406.JPG,0,0,0,8,4,0,0
228,first_50000_1412.jpg,0,1,0,0,2,0,1
229,first_50000_1415.jpg,0,0,0,4,3,0,1
230,first_50000_1460.jpg,1,1,0,5,3,0,1
231,first_50000_1592.jpg,0,0,1,4,3,0,1
232,first_50000_1626.jpg,0,0,0,8,4,0,0
233,first_50000_1628.jpg,0,0,0,3,3,0,1
234,first_50000_1696.JPG,0,0,1,8,4,0,0
235,first_50000_1702.jpg,0,0,0,6,4,0,1
236,first_50000_1705.jpg,0,1,0,0,3,0,1
237,first_50000_1770.jpg,0,0,1,5,2,0,1
238,first_50000_1777.jpg,0,0,0,8,4,0,0
239,first_50000_1779.jpg,0,0,0,8,4,0,0
240,first_50000_1812.jpg,0,0,0,3,3,0,1
241,first_50000_1860.jpg,0,0,0,0,3,0,1
242,first_50000_1867.jpg,0,1,0,8,4,0,0
243,first_50000_1869.jpg,0,0,0,5,2,0,1
244,first_50000_1931.jpg,0,0,0,6,3,0,1
245,first_50000_1936.jpg,1,0,0,4,3,0,1
246,first_50000_1944.jpg,0,0,0,8,4,0,0
247,first_50000_2114.jpg,1,0,0,0,3,0,1
248,first_50000_2153.jpeg,0,0,0,1,3,0,1
249,first_50000_2161.jpg,0,0,0,1,3,0,1
250,first_50000_2166.jpg,1,1,0,5,3,0,1
251,first_50000_2168.jpg,1,1,0,2,0,0,1
252,first_50000_2203.jpg,0,0,0,3,4,0,1
253,first_50000_2227.jpeg,0,0,0,8,4,0,0
254,first_50000_2278.jpg,0,0,0,0,0,1,1
255,first_50000_2327.jpg,0,0,0,8,4,0,0
256,first_50000_2348.JPG,0,0,0,6,3,0,1
257,first_50000_2423.jpg,0,0,0,8,1,0,1
258,first_50000_2456.jpg,1,0,0,6,3,0,1
259,first_50000_2480.jpg,0,0,0,0,3,0,1
260,first_50000_2487.jpg,0,0,0,3,3,0,1
261,first_50000_2610.jpg,1,1,0,5,3,0,1
262,first_50000_2662.jpg,0,0,0,6,2,0,1
263,first_50000_2665.jpg,0,0,0,8,4,0,0
264,first_50000_2748.jpg,0,0,0,1,1,0,1
265,first_50000_2790.jpg,0,0,0,0,3,0,1
266,first_50000_2797.jpg,0,0,0,4,3,0,1
267,first_50000_2799.jpg,0,0,0,4,3,0,1
268,first_50000_2823.jpg,0,0,0,1,4,0,1
269,first_50000_2824.jpg,0,0,0,8,4,0,0
270,first_50000_2856.jpg,0,0,0,1,3,0,1
271,first_50000_2858.jpg,0,0,0,2,3,0,1
272,first_50000_2972.jpg,0,1,0,1,2,0,1
273,first_50000_3022.jpg,0,0,0,6,3,0,1
274,first_50000_3025.jpg,1,0,0,6,3,0,1
275,first_50000_3050.jpg,0,0,0,8,3,0,1
276,first_50000_3086.jpg,0,0,0,8,4,0,0
277,first_50000_3088.jpg,0,0,0,1,3,0,1
278,first_50000_3218.jpg,0,0,0,4,3,0,1
279,first_50000_3436.jpg,0,0,0,5,3,0,1
280,first_50000_3438.jpg,0,0,1,1,1,0,1
281,first_50000_3492.jpg,0,0,0,1,3,0,1
282,first_50000_3512.jpg,0,0,0,4,3,0,1
283,first_50000_3602.jpg,0,0,0,8,3,0,1
284,first_50000_3677.jpg,0,0,0,7,3,0,1
285,first_50000_3721.jpg,1,0,0,1,3,0,1
286,first_50000_3726.jpg,0,1,0,0,3,0,1
287,first_50000_3754.jpg,0,0,1,6,2,0,1
288,first_50000_3782.jpg,0,0,0,0,3,0,1
289,first_50000_3785.jpg,1,0,0,2,3,0,1
290,first_50000_3843.jpg,0,0,0,3,3,0,1
291,first_50000_3844.jpg,0,0,0,8,0,0,1
292,first_50000_3892.jpg,0,0,0,0,3,0,1
293,first_50000_3895.jpg,0,0,0,6,3,0,1
294,first_50000_3915.jpg,0,0,0,5,3,0,1
295,first_50000_3969.jpg,0,0,0,1,3,0,1
296,first_50000_4027.jpg,1,1,0,1,3,0,1
297,first_50000_4029.jpg,0,0,0,4,3,0,1
298,first_50000_4103.jpg,1,0,0,8,4,0,0
299,first_50000_4104.jpg,0,0,0,0,3,0,1
300,first_50000_4178.jpg,0,0,0,0,3,0,1
301,first_50000_4261.jpg,0,0,0,6,3,0,1
302,first_50000_4337.jpg,0,0,1,0,2,0,1
303,first_50000_4342.jpg,0,0,0,1,3,0,1
304,first_50000_4345.jpg,0,0,0,6,3,0,1
305,first_50000_4393.jpg,0,0,0,1,3,0,1
306,first_50000_4394.jpg,0,0,0,1,3,0,1
307,first_50000_4510.jpg,0,0,0,4,3,0,1
308,first_50000_4517.jpg,0,0,0,0,0,1,1
309,first_50000_4519.jpg,0,0,0,3,3,0,1
310,first_50000_4600.jpg,0,0,0,3,3,0,1
311,first_50000_4607.jpg,1,0,0,1,2,0,1
312,first_50000_4672.jpg,0,0,0,0,0,1,1
313,first_50000_4675.jpg,0,0,0,5,3,0,1
314,first_50000_4724.jpg,0,0,0,0,3,0,1
315,first_50000_4787.jpg,0,0,0,3,3,0,1
316,first_50000_4789.jpg,0,0,1,0,2,0,1
317,first_50000_4833.jpg,0,0,0,0,3,0,1
318,first_50000_4834.jpg,0,0,0,3,3,0,1
319,first_50000_4841.jpg,0,0,0,0,3,0,1
320,first_50000_4846.jpg,0,0,0,5,3,0,1
321,first_50000_4848.jpg,0,0,0,0,3,0,1
322,first_50000_4890.jpg,0,0,0,3,3,0,1
323,first_50000_4897.jpg,0,0,0,0,3,0,1
324,first_50000_4899.jpg,0,0,0,0,3,0,1
325,first_50000_4910.jpg,0,0,0,1,2,0,1
326,first_50000_4917.jpg,0,0,0,0,3,0,1
327,first_50000_4919.jpg,0,0,0,0,3,0,1
328,first_50000_5047.jpg,0,0,0,3,3,0,1
329,first_50000_5111.jpg,0,0,1,1,2,0,1
330,first_50000_5116.jpg,0,0,0,3,3,0,1
331,first_50000_5260.JPG,0,0,0,4,3,0,1
332,first_50000_5267.JPG,0,0,0,0,0,1,1
333,first_50000_5273.jpg,1,0,1,1,3,0,1
334,first_50000_5274.jpg,0,0,0,0,2,0,1
335,first_50000_5322.jpg,0,0,0,3,4,0,1
336,first_50000_5381.jpg,0,0,0,0,0,1,1
337,first_50000_5388.jpg,0,0,0,8,4,0,0
338,first_50000_5421.jpg,0,0,0,0,2,0,1
339,first_50000_5453.jpg,0,0,0,1,2,0,1
340,first_50000_5454.jpg,0,0,0,1,3,0,1
341,first_50000_5482.jpg,0,0,0,1,3,0,1
342,first_50000_5485.jpg,0,0,0,0,0,1,1
343,first_50000_5505.jpg,0,0,0,0,0,1,1
344,first_50000_5612.jpg,0,0,0,0,0,1,1
345,first_50000_5615.jpg,0,0,0,1,3,0,1
346,first_50000_5674.JPG,0,0,0,0,3,0,1
347,first_50000_5731.jpg,0,0,0,8,3,0,1
348,first_50000_5743.jpg,0,0,0,0,3,0,1
349,first_50000_5744.jpg,0,0,0,0,0,1,1
350,first_50000_5853.jpg,0,0,0,3,3,0,1
351,first_50000_5882.jpg,0,0,0,0,0,1,1
352,first_50000_5905.jpg,0,0,0,0,0,1,1
353,first_50000_5977.jpg,0,0,1,0,3,0,1
354,first_50000_6071.jpg,0,0,0,8,4,0,0
355,first_50000_6078.jpg,0,0,0,0,3,0,1
356,first_50000_6120.jpg,1,0,0,8,4,0,0
357,first_50000_6183.jpg,0,0,0,0,2,0,1
358,first_50000_6293.jpg,1,0,0,0,3,0,1
359,first_50000_6368.jpg,1,0,0,0,3,0,1
360,first_50000_6403.JPG,0,0,0,4,3,0,1
361,first_50000_6404.JPG,0,0,0,7,0,0,1
362,first_50000_6534.jpg,0,0,0,1,2,0,1
363,first_50000_6548.jpg,1,0,0,6,3,0,1
364,first_50000_6656.jpg,0,0,0,3,2,0,1
365,first_50000_6658.jpg,0,0,1,3,3,0,1
366,first_50000_6680.jpg,0,0,0,1,2,0,1
367,first_50000_6775.jpg,1,0,0,3,2,0,1
368,first_50000_6817.jpg,0,0,0,3,3,0,1
369,first_50000_6934.jpg,1,1,0,0,3,0,1
370,first_50000_6948.jpg,0,0,0,3,3,0,1
371,first_50000_6990.jpg,0,0,1,1,2,0,1
372,first_50000_6997.jpg,0,0,0,1,3,0,1
373,first_50000_6999.jpg,0,0,0,1,3,0,1
374,first_50000_7002.JPG,0,0,0,4,3,0,1
375,first_50000_7016.jpg,0,0,0,3,3,0,1
376,first_50000_7064.jpg,0,0,0,0,3,0,1
377,first_50000_7140.jpg,0,0,0,0,0,1,1
378,first_50000_7147.jpg,0,0,0,8,4,0,0
379,first_50000_7149.jpg,0,0,0,2,3,0,1
380,first_50000_7182.JPG,0,0,0,8,4,0,0
381,first_50000_7191.jpg,0,0,0,1,3,0,1
382,first_50000_7250.jpg,0,0,0,0,3,0,1
383,first_50000_7257.jpg,0,0,0,8,0,0,1
384,first_50000_7259.jpg,0,0,0,0,3,0,1
385,first_50000_7281.jpg,0,0,0,2,3,0,1
386,first_50000_7286.jpg,0,0,0,1,3,0,1
387,first_50000_7288.jpg,0,0,0,8,4,0,0
388,first_50000_7373.jpg,0,0,0,1,2,0,1
389,first_50000_7374.jpg,0,0,0,0,3,0,1
390,first_50000_7402.jpg,0,0,0,3,3,0,1
391,first_50000_7470.jpg,0,0,0,3,3,0,1
392,first_50000_7585.jpg,0,0,0,1,3,0,1
393,first_50000_7638.jpg,0,0,0,0,3,0,1
394,first_50000_7643.jpg,0,0,0,8,4,0,0
395,first_50000_7692.jpg,1,0,0,6,3,0,1
396,first_50000_7695.jpg,0,0,0,1,3,0,1
397,first_50000_7802.jpg,0,0,0,5,3,0,1
398,first_50000_7805.jpg,0,0,0,0,3,0,1
399,first_50000_7921.jpg,1,0,0,5,3,0,1
400,first_50000_7953.jpg,0,0,0,0,0,1,1
401,first_50000_7954.jpg,0,0,0,0,0,1,1
402,first_50000_8032.jpg,0,0,0,0,0,1,1
403,first_50000_8035.jpg,0,0,0,3,3,0,1
404,first_50000_8040.jpg,0,0,0,5,3,0,1
405,first_50000_8047.jpg,0,0,0,1,1,0,1
406,first_50000_8049.jpg,1,0,0,0,3,0,1
407,first_50000_8091.jpg,0,0,0,1,3,0,1
408,first_50000_8096.jpg,0,0,0,0,3,0,1
409,first_50000_8111.jpg,0,0,0,1,3,0,1
410,first_50000_8116.jpg,1,0,0,3,3,0,1
411,first_50000_8118.jpg,1,0,0,2,3,0,1
412,first_50000_8163.jpg,0,0,0,0,3,0,1
413,first_50000_8164.jpg,0,0,0,3,3,0,1
414,first_50000_8201.jpg,0,0,0,1,3,0,1
415,first_50000_8206.jpg,0,0,0,3,4,0,1
416,first_50000_8208.jpg,1,0,0,8,4,0,0
417,first_50000_8322.jpg,1,0,0,8,4,0,0
418,first_50000_8325.jpg,0,0,0,0,2,0,1
419,first_50000_8350.jpg,1,0,1,5,2,0,1
420,first_50000_8357.jpg,0,0,0,1,3,0,1
421,first_50000_8381.jpg,0,0,2,1,3,0,1
422,first_50000_8421.jpg,0,0,0,3,3,0,1
423,first_50000_8453.jpg,0,0,0,0,3,0,1
424,first_50000_8454.jpg,0,0,0,3,3,0,1
425,first_50000_8502.jpg,0,0,0,2,3,0,1
426,first_50000_8505.jpg,1,0,0,1,3,0,1
427,first_50000_8563.JPG,0,0,0,0,3,0,1
428,first_50000_8564.JPG,1,0,0,2,3,0,1
429,first_50000_8579.jpg,0,0,0,3,3,0,1
430,first_50000_8667.jpg,0,0,0,3,3,0,1
431,first_50000_8731.jpg,0,0,0,0,0,1,1
432,first_50000_8743.jpg,0,0,0,2,3,0,1
433,first_50000_8744.jpg,0,0,0,0,0,1,1
434,first_50000_8792.jpg,0,0,0,0,3,0,1
435,first_50000_8795.jpg,0,0,0,0,0,1,1
436,first_50000_8821.jpg,0,0,0,0,0,1,1
437,first_50000_8828.jpg,0,0,2,4,3,0,1
438,first_50000_8885.jpg,0,0,0,0,0,1,1
439,first_50000_8977.jpg,0,0,0,3,3,0,1
440,first_50000_8979.jpg,1,0,0,3,3,0,1
441,first_50000_9020.jpg,1,0,0,5,2,0,1
442,first_50000_9029.jpg,0,0,0,0,2,0,1
443,first_50000_9084.jpg,0,0,0,0,0,1,1
444,first_50000_9103.jpg,0,0,0,0,0,1,1
445,first_50000_9104.jpg,0,0,0,0,3,0,1
446,first_50000_9176.jpg,0,0,0,6,2,0,1
447,first_50000_9178.jpg,0,0,0,0,0,1,1
448,first_50000_9213.jpg,0,0,0,2,3,0,1
449,first_50000_9261.jpg,0,0,0,0,3,0,1
450,first_50000_9337.jpg,0,0,0,3,2,0,1
451,first_50000_9339.jpg,0,0,0,4,3,0,1
452,first_50000_9342.jpg,0,0,0,0,0,1,1
453,first_50000_9387.JPG,0,0,0,1,3,0,1
454,first_50000_9393.jpg,0,0,0,0,3,0,1
455,first_50000_9394.jpg,0,0,0,1,3,0,1
456,first_50000_9433.jpg,0,0,0,1,3,0,1
457,first_50000_9434.jpg,0,0,0,2,3,0,1
458,first_50000_9441.jpg,0,0,0,1,3,0,1
459,first_50000_9497.jpg,1,0,0,0,3,0,1
460,first_50000_9723.jpg,0,0,0,0,3,0,1
461,first_50000_9724.jpg,0,0,0,5,3,0,1
462,first_50000_9756.jpg,0,0,0,2,3,0,1
463,first_50000_9758.jpg,0,0,0,1,3,0,1
464,first_50000_9780.jpg,0,0,0,3,3,0,1
465,first_50000_9787.jpg,0,0,0,0,3,0,1
466,first_50000_9789.jpg,0,0,1,1,3,0,1
467,first_50000_9833.jpg,0,0,0,1,3,0,1
468,first_50000_9834.jpg,0,0,0,1,3,0,1
469,first_50000_9841.jpg,0,0,0,0,3,0,1
470,first_50000_9846.jpg,0,0,0,0,0,1,1
471,first_50000_9897.jpg,1,0,1,0,3,0,1
472,first_50000_9899.jpg,0,0,0,3,3,0,1
473,first_50000_9917.jpg,0,0,0,0,3,0,1
474,first_50000_9962.jpg,0,0,0,1,3,0,1
475,first_50000_10022.jpg,0,0,0,3,3,0,1
476,first_50000_10057.jpg,0,0,0,0,0,1,1
477,first_50000_10059.jpg,0,0,0,1,3,0,1
478,first_50000_10081.jpg,0,0,0,2,3,0,1
479,first_50000_10086.jpg,0,0,0,1,3,0,1
480,first_50000_10088.jpg,0,0,0,1,3,0,1
481,first_50000_10101.jpg,0,0,0,0,3,0,1
482,first_50000_10106.jpg,0,0,1,1,3,0,1
483,first_50000_10112.JPG,0,0,0,3,3,0,1
484,first_50000_10173.jpg,0,0,0,0,3,0,1
485,first_50000_10174.jpg,0,0,0,1,3,0,1
486,first_50000_10211.jpg,0,0,1,0,3,0,1
487,first_50000_10335.jpg,1,0,0,0,3,0,1
488,first_50000_10340.jpg,0,0,0,2,3,0,1
489,first_50000_10398.jpg,0,0,0,0,2,0,1
490,first_50000_10443.jpg,0,0,0,3,3,0,1
491,first_50000_10444.jpg,0,0,0,0,0,1,1
492,first_50000_10492.jpg,0,0,0,0,3,0,1
493,first_50000_10495.jpg,1,0,0,1,3,0,1
494,first_50000_10515.jpg,1,0,1,5,3,0,1
495,first_50000_10567.jpg,0,0,1,1,2,0,1
496,first_50000_10602.jpg,0,0,2,2,3,0,1
497,first_50000_10605.jpg,0,0,0,1,3,0,1
498,first_50000_10703.jpeg,0,0,0,1,3,0,1
499,first_50000_10754.jpg,1,0,0,2,3,0,1
500,first_50000_10785.jpg,1,0,0,0,3,0,1
501,first_50000_10836.jpg,0,0,0,0,3,0,1
502,first_50000_10838.jpg,1,0,0,2,3,0,1
503,first_50000_10844.jpg,0,0,0,0,3,0,1
504,first_50000_10880.jpeg,0,0,1,1,3,0,1
505,first_50000_10895.jpg,0,0,0,2,3,0,1
506,first_50000_10915.jpg,0,0,0,3,3,0,1
507,first_50000_10960.jpg,0,0,0,0,2,0,1
508,first_50000_10967.jpg,0,0,1,8,4,0,0
509,first_50000_10969.jpg,1,0,0,5,3,0,1
510,first_50000_11093.jpg,0,0,0,1,3,0,1
511,first_50000_11114.jpg,0,0,0,1,3,0,1
512,first_50000_11161.jpg,0,0,0,3,3,0,1
513,first_50000_11166.jpg,0,0,0,1,3,0,1
514,first_50000_11271.jpg,1,0,0,0,3,0,1
515,first_50000_11276.jpg,0,0,0,8,4,0,0
516,first_50000_11327.jpg,0,0,0,0,3,0,1
517,first_50000_11329.jpg,0,0,0,3,3,0,1
518,first_50000_11383.jpg,0,0,0,2,3,0,1
519,first_50000_11384.jpg,0,0,1,0,2,0,1
520,first_50000_11500.jpg,0,0,0,1,2,0,1
521,first_50000_11507.jpg,1,0,0,3,3,0,1
522,first_50000_11509.jpg,1,0,0,4,3,0,1
523,first_50000_11665.jpg,1,0,1,0,3,0,1
524,first_50000_11741.jpg,0,0,0,1,3,0,1
525,first_50000_11746.jpg,1,0,0,8,0,0,1
526,first_50000_11748.jpg,0,0,0,0,3,0,1
527,first_50000_11797.jpg,0,0,0,8,4,0,0
528,first_50000_11799.jpg,0,0,0,3,3,0,1
529,first_50000_11823.jpg,0,0,0,3,3,0,1
530,first_50000_11839.JPG,0,0,0,0,0,1,1
531,first_50000_11851.jpg,0,0,0,1,3,0,1
532,first_50000_11856.jpg,0,0,0,0,3,0,1
533,first_50000_11858.jpg,0,0,0,3,3,0,1
534,first_50000_11880.jpg,0,0,0,2,3,0,1
535,first_50000_11887.jpg,0,1,0,1,3,0,1
536,first_50000_11889.jpg,1,0,1,5,3,0,1
537,first_50000_11900.jpg,0,0,0,1,3,0,1
538,first_50000_11907.jpg,0,0,0,0,3,0,1
539,first_50000_11914.jpeg,1,0,0,0,3,0,1
540,first_50000_12001.jpg,0,0,0,0,0,1,1
541,first_50000_12073.jpg,0,0,0,0,0,1,1
542,first_50000_12074.jpg,0,0,0,0,3,0,1
543,first_50000_12125.jpg,0,0,0,1,3,0,1
544,first_50000_12157.jpg,0,0,0,0,3,0,1
545,first_50000_12159.jpg,0,0,0,3,3,0,1
546,first_50000_12181.jpg,0,0,0,0,3,0,1
547,first_50000_12186.jpg,0,0,0,3,2,0,1
548,first_50000_12296.jpg,0,0,0,6,3,0,1
549,first_50000_12298.jpg,0,0,0,1,2,0,1
550,first_50000_12311.jpg,0,0,0,0,0,1,1
551,first_50000_12469.jpg,0,0,0,0,3,0,1
552,first_50000_12654.jpg,0,0,0,0,3,0,1
553,first_50000_12705.jpg,0,0,0,0,3,0,1
554,first_50000_12770.jpg,0,0,0,0,0,1,1
555,first_50000_12777.jpg,0,0,0,0,2,0,1
556,first_50000_12779.jpg,1,0,0,1,3,0,1
557,first_50000_12812.jpg,0,0,0,0,3,0,1
558,first_50000_12944.jpg,0,0,0,0,2,0,1
559,first_50000_12995.jpg,0,0,0,2,3,0,1
560,first_50000_13014.jpg,0,0,0,0,0,1,1
561,first_50000_13066.jpg,1,1,0,2,3,0,1
562,first_50000_13068.jpg,0,0,0,3,3,0,1
563,first_50000_13137.jpg,0,0,0,0,2,0,1
564,first_50000_13139.jpg,0,0,0,2,3,0,1
565,first_50000_13156.JPG,0,0,0,3,3,0,1
566,first_50000_13163.jpeg,0,0,0,0,3,0,1
567,first_50000_13252.jpg,1,0,0,2,3,0,1
568,first_50000_13304.jpg,0,0,0,8,4,0,0
569,first_50000_13371.jpg,0,0,1,0,3,0,1
570,first_50000_13376.jpg,0,0,0,0,3,0,1
571,first_50000_13400.jpg,0,0,0,4,3,0,1
572,first_50000_13409.jpg,0,0,0,6,3,0,1
573,first_50000_13523.jpg,0,0,0,0,3,0,1
574,first_50000_13524.jpg,0,0,0,2,3,0,1
575,first_50000_13551.jpg,0,0,0,5,3,0,1
576,first_50000_13556.jpg,0,0,0,1,3,0,1
577,first_50000_13587.jpg,0,1,0,1,3,0,1
578,first_50000_13589.jpg,0,0,0,0,0,1,1
579,first_50000_13633.jpg,0,0,1,2,3,0,1
580,first_50000_13641.jpg,0,0,0,0,3,0,1
581,first_50000_13697.jpg,1,0,0,0,3,0,1
582,first_50000_13924.jpg,0,0,0,0,3,0,1
583,first_50000_13951.jpg,0,0,0,1,3,0,1
584,first_50000_13958.jpg,0,0,0,2,3,0,1
585,first_50000_13980.jpg,0,0,0,3,3,0,1
586,first_50000_13987.jpg,0,0,0,0,3,0,1
587,first_50000_13989.jpg,0,0,2,0,3,0,1
588,first_50000_14011.jpg,0,0,0,3,3,0,1
589,first_50000_14016.jpg,0,0,0,0,3,0,1
590,first_50000_14018.jpg,0,1,0,3,3,0,1
591,first_50000_14070.JPG,0,0,0,0,3,0,1
592,first_50000_14132.jpg,0,0,0,1,3,0,1
593,first_50000_14135.jpg,0,1,0,1,3,0,1
594,first_50000_14140.jpg,1,0,0,1,2,0,1
595,first_50000_14147.jpg,0,0,1,0,3,0,1
596,first_50000_14281.jpg,0,0,0,0,3,0,1
597,first_50000_14306.jpg,0,0,0,1,3,0,1
598,first_50000_14373.jpg,0,0,0,8,4,0,0
599,first_50000_14374.jpg,0,0,0,0,3,0,1
600,first_50000_14402.jpg,0,0,0,0,3,0,1
601,first_50000_14405.jpg,0,0,0,0,3,0,1
602,first_50000_14470.jpg,0,0,0,0,3,0,1
603,first_50000_14477.jpg,0,0,0,3,3,0,1
604,first_50000_14553.jpg,0,0,0,0,2,0,1
605,first_50000_14644.jpg,0,0,0,3,3,0,1
606,first_50000_14802.jpg,0,0,0,0,0,1,1
607,first_50000_14805.jpg,0,0,0,0,3,0,1
608,first_50000_14863.JPG,0,0,0,2,3,0,1
609,first_50000_14870.jpg,0,0,0,0,3,0,1
610,first_50000_14879.jpg,1,0,0,5,3,0,1
611,first_50000_14921.jpg,0,0,0,3,3,0,1
612,first_50000_14926.jpg,0,0,0,2,3,0,1
613,first_50000_14928.jpg,0,0,0,3,3,0,1
614,first_50000_15004.jpg,0,0,0,2,3,0,1
615,first_50000_15078.jpg,1,1,1,5,3,0,1
616,first_50000_15127.jpg,1,0,0,4,3,0,1
617,first_50000_15152.jpg,0,0,0,0,0,1,1
618,first_50000_15155.jpg,0,0,0,2,3,0,1
619,first_50000_15237.jpg,0,0,0,3,3,0,1
620,first_50000_15239.jpg,0,0,0,2,3,0,1
621,first_50000_15245.jpg,0,0,0,8,4,0,0
622,first_50000_15293.jpg,0,0,0,1,3,0,1
623,first_50000_15361.jpg,0,0,0,1,3,0,1
624,first_50000_15366.jpg,0,0,0,3,3,0,1
625,first_50000_15410.jpg,0,0,0,2,3,0,1
626,first_50000_15462.jpg,0,0,0,3,3,0,1
627,first_50000_15534.jpg,0,0,0,1,3,0,1
628,first_50000_15689.jpg,1,0,1,3,3,0,1
629,first_50000_15700.jpg,0,0,0,3,3,0,1
630,first_50000_15709.jpg,0,0,0,3,3,0,1
631,first_50000_15772.jpg,0,0,0,0,3,0,1
632,first_50000_15775.jpg,0,0,0,0,3,0,1
633,first_50000_15810.jpg,0,0,1,3,3,0,1
634,first_50000_15819.jpg,1,0,0,1,3,0,1
635,first_50000_15933.jpg,0,0,0,8,4,0,0
636,first_50000_15983.JPG,0,0,0,0,3,0,1
637,first_50000_15990.jpg,1,0,0,2,3,0,1
638,first_50000_16098.jpg,0,0,0,3,3,0,1
639,first_50000_16116.jpg,0,0,0,0,3,0,1
640,first_50000_16201.jpg,0,0,0,0,3,0,1
641,first_50000_16206.jpg,0,0,0,1,3,0,1
642,first_50000_16208.jpg,0,0,0,8,4,0,0
643,first_50000_16274.jpg,1,0,0,1,2,0,1
644,first_50000_16322.jpg,0,0,0,0,0,1,1
645,first_50000_16325.jpg,0,0,0,0,3,0,1
646,first_50000_16350.jpg,0,0,0,8,4,0,0
647,first_50000_16357.jpg,1,0,0,1,3,0,1
648,first_50000_16359.jpg,0,0,0,1,3,0,1
649,first_50000_16421.jpg,0,0,0,6,3,0,1
650,first_50000_16428.jpg,0,0,0,0,3,0,1
651,first_50000_16453.jpg,0,0,0,0,3,0,1
652,first_50000_16482.jpg,0,0,0,2,3,0,1
653,first_50000_16485.jpg,0,0,0,3,3,0,1
654,first_50000_16502.jpg,0,0,0,0,3,0,1
655,first_50000_16615.jpg,0,0,0,2,3,0,1
656,first_50000_16660.jpg,0,0,0,3,3,0,1
657,first_50000_16731.jpg,0,0,0,3,3,0,1
658,first_50000_16736.jpg,0,0,0,1,3,0,1
659,first_50000_16743.jpg,0,0,0,0,3,0,1
660,first_50000_16882.jpg,0,0,0,0,3,0,1
661,first_50000_16885.jpg,1,0,0,0,3,0,1
662,first_50000_16970.jpg,0,0,0,0,3,0,1
663,first_50000_17020.jpg,0,0,1,3,3,0,1
664,first_50000_17027.jpg,0,0,0,1,3,0,1
665,first_50000_17029.jpg,0,0,0,2,3,0,1
666,first_50000_17048.JPG,0,0,0,0,0,1,1
667,first_50000_17052.jpg,0,0,0,3,3,0,1
668,first_50000_17054.jpeg,0,0,0,1,3,0,1
669,first_50000_17055.jpg,0,0,0,1,3,0,1
670,first_50000_17084.jpg,0,0,0,3,3,0,1
671,first_50000_17171.jpg,1,0,1,0,2,0,1
672,first_50000_17178.jpg,0,0,0,0,2,0,1
673,first_50000_17213.jpg,0,0,0,0,2,0,1
674,first_50000_17266.jpg,0,0,0,5,2,0,1
675,first_50000_17345.jpg,1,0,1,3,3,0,1
676,first_50000_17394.jpg,1,1,0,0,3,0,1
677,first_50000_17446.jpg,0,0,0,0,4,0,1
678,first_50000_17490.jpg,0,0,0,2,3,0,1
679,first_50000_17499.jpg,1,0,0,0,3,0,1
680,first_50000_17565.jpg,1,0,0,3,3,0,1
681,first_50000_17675.jpg,0,0,0,1,3,0,1
682,first_50000_17780.jpg,0,0,0,0,3,0,1
683,first_50000_17833.jpg,1,0,0,1,2,0,1
684,first_50000_17841.jpg,0,0,0,1,3,0,1
685,first_50000_17897.jpg,0,0,0,3,3,0,1
686,first_50000_17899.jpg,0,0,2,5,3,0,1
687,first_50000_17903.JPG,0,0,0,1,2,0,1
688,first_50000_17910.jpg,0,0,0,0,3,0,1
689,first_50000_17917.jpg,0,0,0,1,3,0,1
690,first_50000_17962.jpg,0,0,0,6,3,0,1
691,first_50000_17965.jpg,1,0,0,1,3,0,1
692,first_50000_18004.jpg,0,0,0,3,3,0,1
693,first_50000_18078.jpg,0,0,0,1,3,0,1
694,first_50000_18183.jpg,0,0,0,0,0,1,1
695,first_50000_18184.jpg,0,0,0,0,3,0,1
696,first_50000_18197.JPG,0,0,0,0,3,0,1
697,first_50000_18199.JPG,0,0,0,3,3,0,1
698,first_50000_18230.jpg,0,0,0,0,3,0,1
699,first_50000_18242.jpg,0,0,0,0,3,0,1
700,first_50000_18245.jpg,0,1,0,3,3,0,1
701,first_50000_18294.jpg,0,0,0,0,3,0,1
702,first_50000_18313.jpg,0,0,0,0,3,0,1
703,first_50000_18366.jpg,0,0,0,0,3,0,1
704,first_50000_18417.jpg,0,0,0,0,3,0,1
705,first_50000_18546.jpg,0,0,0,0,3,0,1
706,first_50000_18548.jpg,1,0,0,8,0,0,1
707,first_50000_18599.jpg,0,0,0,0,3,0,1
708,first_50000_18624.jpg,0,0,0,0,3,0,1
709,first_50000_18658.jpg,0,0,0,0,3,0,1
710,first_50000_18700.jpg,0,0,0,1,3,0,1
711,first_50000_18775.jpg,0,0,0,0,3,0,1
712,first_50000_18865.jpg,0,0,0,0,3,0,1
713,first_50000_18933.jpg,0,0,0,2,3,0,1
714,first_50000_18934.jpg,0,0,0,0,0,1,1
715,first_50000_18946.jpg,0,0,0,5,3,0,1
716,first_50000_18990.jpg,0,0,0,8,0,0,1
717,first_50000_18997.jpg,0,0,1,3,3,0,1
718,first_50000_18999.jpg,0,0,1,1,3,0,1
719,first_50000_19011.jpg,0,0,0,8,0,0,1
720,first_50000_19016.jpg,0,0,0,4,3,0,1
721,first_50000_19132.jpg,0,0,0,2,3,0,1
722,first_50000_19140.jpg,0,0,0,0,2,0,1
723,first_50000_19147.jpg,0,0,0,0,3,0,1
724,first_50000_19149.jpg,0,0,1,2,3,0,1
725,first_50000_19196.jpg,0,0,0,0,0,1,1
726,first_50000_19198.jpg,0,0,0,3,3,0,1
727,first_50000_19225.jpg,0,0,0,8,4,0,0
728,first_50000_19250.jpg,0,0,0,0,0,1,1
729,first_50000_19281.jpg,0,0,0,2,2,0,1
730,first_50000_19286.jpg,0,0,0,5,3,0,1
731,first_50000_19301.jpg,0,0,0,1,3,0,1
732,first_50000_19306.jpg,0,0,1,8,0,0,1
733,first_50000_19369.JPG,0,0,0,1,3,0,1
734,first_50000_19373.jpg,0,0,0,3,3,0,1
735,first_50000_19374.jpg,1,0,0,6,3,0,1
736,first_50000_19528.jpg,0,0,1,1,2,0,1
737,first_50000_19582.jpg,0,0,0,1,3,0,1
738,first_50000_19631.jpg,0,0,0,6,3,0,1
739,first_50000_19643.jpg,1,0,0,5,3,0,1
740,first_50000_19715.jpg,1,0,0,1,2,0,1
741,first_50000_19760.jpg,0,0,0,3,3,0,1
742,first_50000_19769.jpg,0,0,0,0,0,1,1
743,first_50000_19802.jpg,1,0,0,0,3,0,1
744,first_50000_19870.jpg,0,0,0,0,3,0,1
745,first_50000_19877.jpg,1,0,0,2,3,0,1
746,first_50000_19926.jpg,0,0,1,2,3,0,1
747,first_50000_20060.jpg,1,0,0,2,3,0,1
748,first_50000_20067.jpg,1,0,0,1,2,0,1
749,first_50000_20069.jpg,0,0,0,8,4,0,0
750,first_50000_20136.jpg,0,0,0,0,3,0,1
751,first_50000_20138.jpg,0,0,0,3,3,0,1
752,first_50000_20143.jpg,0,0,0,8,0,0,1
753,first_50000_20144.jpg,0,0,0,3,3,0,1
754,first_50000_20202.jpeg,0,0,0,1,3,0,1
755,first_50000_20226.jpg,0,0,0,0,3,0,1
756,first_50000_20228.jpg,0,0,0,5,2,0,1
757,first_50000_20473.jpg,1,0,0,6,3,0,1
758,first_50000_20525.jpg,1,0,0,1,3,0,1
759,first_50000_20550.jpg,1,0,0,0,3,0,1
760,first_50000_20559.jpg,1,0,0,0,3,0,1
761,first_50000_20581.jpg,0,0,0,1,2,0,1
762,first_50000_20586.jpg,0,0,0,0,3,0,1
763,first_50000_20588.jpg,0,0,0,3,3,0,1
764,first_50000_20698.jpg,0,0,0,0,3,0,1
765,first_50000_20716.jpg,0,0,1,3,3,0,1
766,first_50000_20718.jpg,0,0,1,2,3,0,1
767,first_50000_20763.jpg,0,0,1,5,3,0,1
768,first_50000_20764.jpg,0,0,0,1,3,0,1
769,first_50000_20777.jpeg,0,0,0,2,3,0,1
770,first_50000_20808.jpg,0,0,0,3,3,0,1
771,first_50000_20873.jpg,1,0,0,6,3,0,1
772,first_50000_20874.jpg,0,0,0,0,3,0,1
773,first_50000_20925.jpg,0,0,0,1,3,0,1
774,first_50000_20936.JPG,0,0,0,1,2,0,1
775,first_50000_20986.jpg,0,0,1,0,3,0,1
776,first_50000_20988.jpg,1,0,0,3,3,0,1
777,first_50000_21007.jpg,0,0,0,0,2,0,1
778,first_50000_21151.jpg,0,0,1,1,2,0,1
779,first_50000_21233.jpg,0,0,0,1,3,0,1
780,first_50000_21241.jpg,0,0,0,0,0,1,1
781,first_50000_21248.jpeg,0,0,0,0,0,1,1
782,first_50000_21290.jpg,0,0,0,0,0,1,1
783,first_50000_21297.jpg,0,0,0,0,3,0,1
784,first_50000_21310.jpg,0,0,0,5,3,0,1
785,first_50000_21317.jpg,1,0,0,0,3,0,1
786,first_50000_21365.jpg,0,0,1,3,3,0,1
787,first_50000_21413.jpg,0,0,0,1,3,0,1
788,first_50000_21461.jpg,0,0,0,3,3,0,1
789,first_50000_21466.jpg,0,0,0,3,3,0,1
790,first_50000_21530.jpg,0,0,0,2,3,0,1
791,first_50000_21537.jpg,0,0,1,3,3,0,1
792,first_50000_21539.jpg,0,0,0,1,3,0,1
793,first_50000_21542.jpg,0,0,0,0,3,0,1
794,first_50000_21545.jpg,0,0,1,0,3,0,1
795,first_50000_21627.jpg,0,0,2,3,3,0,1
796,first_50000_21629.jpg,0,0,0,3,3,0,1
797,first_50000_21652.jpg,0,0,0,2,3,0,1
798,first_50000_21703.jpg,0,0,0,3,3,0,1
799,first_50000_21704.jpg,0,0,0,0,3,0,1
800,first_50000_21771.jpg,0,0,0,3,3,0,1
801,first_50000_21930.jpg,0,0,0,5,3,0,1
802,first_50000_22031.jpg,0,0,0,0,3,0,1
803,first_50000_22038.jpg,0,0,1,0,3,0,1
804,first_50000_22044.jpg,0,0,0,4,3,0,1
805,first_50000_22112.jpg,0,0,1,1,3,0,1
806,first_50000_22167.jpg,1,0,0,0,3,0,1
807,first_50000_22202.jpg,0,0,0,0,0,1,1
808,first_50000_22205.jpg,1,0,0,6,3,0,1
809,first_50000_22270.jpg,0,1,0,4,3,0,1
810,first_50000_22326.jpg,0,0,0,5,3,0,1
811,first_50000_22382.jpg,0,0,0,3,3,0,1
812,first_50000_22481.jpg,1,1,0,7,3,0,1
813,first_50000_22488.jpg,1,0,0,0,3,0,1
814,first_50000_22506.jpg,0,0,0,0,3,0,1
815,first_50000_22611.jpg,0,0,0,0,3,0,1
816,first_50000_22663.jpg,0,0,1,8,4,0,0
817,first_50000_22732.jpg,0,0,0,1,3,0,1
818,first_50000_22735.jpg,0,0,0,1,3,0,1
819,first_50000_22791.jpg,0,0,0,1,3,0,1
820,first_50000_22798.jpg,0,0,0,4,3,0,1
821,first_50000_22850.jpg,0,0,0,1,3,0,1
822,first_50000_22857.jpg,0,0,0,2,3,0,1
823,first_50000_22859.jpg,1,1,0,5,3,0,1
824,first_50000_22886.jpg,0,1,0,1,3,0,1
825,first_50000_22906.jpg,0,0,0,0,1,0,1
826,first_50000_22908.jpg,0,0,0,6,3,0,1
827,first_50000_22974.jpg,0,0,0,4,3,0,1
828,first_50000_23024.jpg,1,1,0,1,1,0,1
829,first_50000_23080.jpg,0,0,0,4,3,0,1
830,first_50000_23089.jpg,0,1,0,6,3,0,1
831,first_50000_23210.jpg,0,0,1,1,3,0,1
832,first_50000_23219.jpg,0,0,0,7,4,0,1
833,first_50000_23346.jpg,0,0,0,4,3,0,1
834,first_50000_23348.jpg,0,1,0,6,3,0,1
835,first_50000_23430.jpg,1,0,0,6,3,0,1
836,first_50000_23439.jpg,1,0,0,1,3,0,1
837,first_50000_23442.jpg,0,0,0,1,3,0,1
838,first_50000_23445.jpg,0,0,0,3,3,0,1
839,first_50000_23604.jpg,0,1,0,1,3,0,1
840,first_50000_23671.jpg,1,0,0,8,4,0,0
841,first_50000_23727.jpg,0,0,0,3,3,0,1
842,first_50000_23783.jpg,0,0,0,3,3,0,1
843,first_50000_23784.jpg,0,0,0,1,3,0,1
844,first_50000_23830.jpg,0,0,0,4,3,0,1
845,first_50000_23839.jpg,0,1,0,4,2,0,1
846,first_50000_23842.jpg,0,1,0,5,3,0,1
847,first_50000_23900.JPG,1,0,0,7,2,0,1
848,first_50000_23913.jpg,0,0,0,0,0,1,1
849,first_50000_23914.jpg,0,0,0,3,3,0,1
850,first_50000_23966.jpg,0,1,0,5,3,0,1
851,first_50000_24028.jpg,0,0,1,6,3,0,1
852,first_50000_24102.jpg,0,0,0,8,3,0,1
853,first_50000_24170.jpg,0,0,0,4,3,0,1
854,first_50000_24177.jpg,0,0,0,4,3,0,1
855,first_50000_24201.JPG,1,0,0,0,3,0,1
856,first_50000_24215.jpg,0,0,0,4,3,0,1
857,first_50000_24269.jpg,0,0,0,0,3,0,1
858,first_50000_24344.jpg,0,0,0,6,3,0,1
859,first_50000_24491.jpg,1,0,0,8,4,0,0
860,first_50000_24496.jpg,0,1,1,2,3,0,1
861,first_50000_24516.jpg,0,0,0,5,3,0,1
862,first_50000_24518.jpg,0,0,0,1,2,0,1
863,first_50000_24563.jpg,0,0,0,0,3,0,1
864,first_50000_24606.jpg,0,0,1,6,3,0,1
865,first_50000_24608.jpg,0,0,0,0,3,0,1
866,first_50000_24722.jpg,0,0,0,3,3,0,1
867,first_50000_24750.jpg,1,1,0,4,1,0,1
868,first_50000_24757.jpg,0,0,0,5,3,0,1
869,first_50000_24759.jpg,0,0,0,5,3,0,1
870,first_50000_24781.jpg,1,0,0,0,1,0,1
871,first_50000_24788.jpg,1,0,0,0,3,0,1
872,first_50000_24832.jpg,0,0,0,1,3,0,1
873,first_50000_24847.jpg,0,0,0,4,3,0,1
874,first_50000_24849.jpg,0,0,0,8,4,0,0
875,first_50000_24896.jpg,0,0,0,4,3,0,1
876,first_50000_24898.jpg,0,0,0,2,3,0,1
877,first_50000_24911.jpg,0,0,0,0,3,0,1
878,first_50000_24918.jpg,0,0,0,8,4,0,0
879,first_50000_24963.jpg,0,1,0,4,2,0,1
880,first_50000_24964.jpg,0,0,0,8,4,0,0
881,first_50000_25046.jpg,0,0,0,8,2,0,1
882,first_50000_25110.jpg,0,0,0,6,3,0,1
883,first_50000_25165.jpg,0,0,0,7,3,0,1
884,first_50000_25200.jpg,0,1,1,4,3,0,1
885,first_50000_25356.jpg,0,0,1,1,1,0,1
886,first_50000_25387.jpg,0,1,0,0,3,0,1
887,first_50000_25389.jpg,0,1,0,0,3,0,1
888,first_50000_25429.jpg,0,0,0,0,3,0,1
889,first_50000_25455.jpg,0,0,0,0,0,1,1
890,first_50000_25483.jpg,0,0,0,8,4,0,0
891,first_50000_25484.jpg,0,0,0,7,3,0,1
892,first_50000_25499.JPG,1,0,0,0,3,0,1
893,first_50000_25571.jpg,0,0,0,0,3,0,1
894,first_50000_25576.jpg,1,0,0,6,1,0,1
895,first_50000_25578.jpg,0,0,0,0,3,0,1
896,first_50000_25661.jpg,0,0,0,4,3,0,1
897,first_50000_25730.jpg,0,0,0,3,3,0,1
898,first_50000_25745.jpg,0,0,0,2,3,0,1
899,first_50000_25793.jpg,0,0,0,0,3,0,1
900,first_50000_25794.jpg,0,0,0,3,3,0,1
901,first_50000_25827.jpg,0,0,0,4,3,0,1
902,first_50000_25829.jpg,0,0,0,8,4,0,0
903,first_50000_25852.jpg,0,0,0,5,3,0,1
904,first_50000_25855.jpg,0,0,0,4,3,0,1
905,first_50000_25883.jpg,0,0,0,4,3,0,1
906,first_50000_25971.jpg,0,0,0,6,3,0,1
907,first_50000_25976.jpg,0,0,0,0,3,0,1
908,first_50000_26128.jpg,0,0,0,3,3,0,1
909,first_50000_26153.jpg,0,0,0,0,3,0,1
910,first_50000_26154.jpg,0,0,0,6,3,0,1
911,first_50000_26182.jpg,0,0,1,4,3,0,1
912,first_50000_26185.jpg,0,0,0,4,3,0,1
913,first_50000_26231.jpg,0,0,0,8,4,0,0
914,first_50000_26236.jpg,0,0,0,0,3,0,1
915,first_50000_26238.jpg,0,0,1,0,3,0,1
916,first_50000_26244.jpg,0,0,0,8,4,0,0
917,first_50000_26315.jpg,0,0,0,1,3,0,1
918,first_50000_26367.jpg,0,0,0,4,3,0,1
919,first_50000_26418.jpg,0,0,0,7,3,0,1
920,first_50000_26463.jpg,0,0,0,8,4,0,0
921,first_50000_26532.jpg,0,0,0,1,2,0,1
922,first_50000_26535.jpg,1,1,0,0,3,0,1
923,first_50000_26540.jpg,0,0,0,4,3,0,1
924,first_50000_26591.jpg,0,0,0,6,3,0,1
925,first_50000_26622.jpg,0,0,1,0,3,0,1
926,first_50000_26625.jpg,0,0,0,4,1,0,1
927,first_50000_26681.jpg,1,1,0,2,3,0,1
928,first_50000_26701.jpg,0,0,0,1,3,0,1
929,first_50000_26708.jpg,0,0,0,2,3,0,1
930,first_50000_26774.jpg,1,0,0,1,3,0,1
931,first_50000_26811.jpg,0,0,0,4,3,0,1
932,first_50000_26816.jpg,0,1,0,7,3,0,1
933,first_50000_26818.jpg,0,0,0,4,3,0,1
934,first_50000_26863.jpg,0,0,0,0,3,0,1
935,first_50000_26864.jpg,0,0,0,4,3,0,1
936,first_50000_26996.jpg,0,0,0,7,3,0,1
937,first_50000_26998.jpg,0,0,0,7,0,0,1
938,first_50000_27010.jpg,0,1,1,5,3,0,1
939,first_50000_27062.jpg,1,0,0,1,3,0,1
940,first_50000_27146.jpg,0,0,0,0,3,0,1
941,first_50000_27190.jpg,0,0,0,5,3,0,1
942,first_50000_27197.jpg,0,0,2,0,3,0,1
943,first_50000_27223.jpg,0,0,0,8,4,0,0
944,first_50000_27224.jpg,0,0,1,6,3,0,1
945,first_50000_27251.jpg,0,0,0,8,3,0,1
946,first_50000_27256.jpg,0,0,0,0,3,0,1
947,first_50000_27258.jpg,0,0,0,0,0,1,1
948,first_50000_27280.jpg,0,0,0,1,3,0,1
949,first_50000_27287.jpg,0,0,0,1,3,0,1
950,first_50000_27293.JPG,0,0,0,1,3,0,1
951,first_50000_27300.jpg,0,0,0,4,3,0,1
952,first_50000_27307.jpeg,0,0,0,0,3,0,1
953,first_50000_27403.jpg,0,0,0,6,3,0,1
954,first_50000_27471.jpg,0,0,1,8,3,0,1
955,first_50000_27520.jpg,0,1,0,0,2,0,1
956,first_50000_27552.jpg,0,0,0,0,3,0,1
957,first_50000_27555.jpg,0,0,0,0,3,0,1
958,first_50000_27583.jpg,0,0,0,3,3,0,1
959,first_50000_27630.jpg,0,0,0,6,3,0,1
960,first_50000_27693.jpg,0,0,1,0,3,0,1
961,first_50000_27694.jpg,0,0,0,3,3,0,1
962,first_50000_27714.jpg,0,0,0,4,3,0,1
963,first_50000_27871.jpg,0,0,0,0,3,0,1
964,first_50000_27878.jpg,0,0,0,1,3,0,1
965,first_50000_27927.jpg,0,0,0,8,3,0,1
966,first_50000_27929.jpg,0,0,0,1,3,0,1
967,first_50000_27955.jpg,0,0,1,3,3,0,1
968,first_50000_27962.jpeg,0,0,0,6,2,0,1
969,first_50000_28023.jpeg,0,0,0,8,4,0,0
970,first_50000_28046.jpg,0,0,0,0,2,0,1
971,first_50000_28323.jpg,0,0,0,1,1,0,1
972,first_50000_28324.jpg,0,0,0,3,3,0,1
973,first_50000_28351.jpg,0,0,0,0,3,0,1
974,first_50000_28380.jpg,0,0,0,1,3,0,1
975,first_50000_28389.jpg,0,0,0,0,3,0,1
976,first_50000_28420.jpg,0,0,0,1,3,0,1
977,first_50000_28427.jpg,0,0,0,3,3,0,1
978,first_50000_28429.jpg,0,0,0,1,3,0,1
979,first_50000_28455.jpg,0,0,0,8,0,0,1
980,first_50000_28483.jpg,0,0,0,0,0,1,1
981,first_50000_28503.jpg,0,0,0,6,3,0,1
982,first_50000_28571.jpg,0,0,0,7,3,0,1
983,first_50000_28578.jpg,0,0,0,3,3,0,1
984,first_50000_28668.jpg,0,0,0,3,3,0,1
985,first_50000_28737.jpg,0,0,0,3,3,0,1
986,first_50000_28739.jpg,0,0,0,6,3,0,1
987,first_50000_28793.jpg,0,0,1,3,3,0,1
988,first_50000_28794.jpg,0,0,0,0,3,0,1
989,first_50000_28827.jpg,0,0,0,0,3,0,1
990,first_50000_28852.jpg,0,0,0,0,3,0,1
991,first_50000_28855.jpg,0,0,0,3,3,0,1
992,first_50000_28903.jpg,0,0,0,0,3,0,1
993,first_50000_28971.jpg,0,0,0,0,3,0,1
994,first_50000_28976.jpg,0,0,0,0,3,0,1
995,first_50000_29026.jpg,0,0,0,1,3,0,1
996,first_50000_29047.JPG,0,0,0,8,3,0,1
997,first_50000_29053.jpg,0,0,0,2,3,0,1
998,first_50000_29054.jpg,0,0,0,0,3,0,1
999,first_50000_29082.jpg,0,0,0,6,3,0,1
1000,first_50000_29085.jpg,0,1,0,8,4,0,0
1001,first_50000_29098.JPG,0,0,0,3,3,0,1
1002,first_50000_29102.jpg,0,0,0,1,3,0,1
1003,first_50000_29105.jpg,0,0,0,6,3,0,1
1004,first_50000_29179.jpg,0,0,0,1,3,0,1
1005,first_50000_29212.jpg,1,0,0,1,3,0,1
1006,first_50000_29215.jpg,0,0,0,4,3,0,1
1007,first_50000_29260.jpg,0,0,0,0,3,0,1
1008,first_50000_29267.jpg,0,0,0,0,3,0,1
1009,first_50000_29269.jpg,0,1,0,1,3,0,1
1010,first_50000_29331.jpg,0,0,0,1,3,0,1
1011,first_50000_29344.jpg,0,0,0,1,3,0,1
1012,first_50000_29392.jpg,0,0,0,0,3,0,1
1013,first_50000_29395.jpg,0,0,0,8,4,0,0
1014,first_50000_29516.jpg,0,0,0,0,3,0,1
1015,first_50000_29563.jpg,0,0,0,8,4,0,0
1016,first_50000_29564.jpg,0,0,0,0,2,0,1
1017,first_50000_29601.jpg,0,0,2,1,1,0,1
1018,first_50000_29606.jpg,1,0,0,4,3,0,1
1019,first_50000_29608.jpg,0,0,0,0,3,0,1
1020,first_50000_29722.jpg,0,0,0,1,3,0,1
1021,first_50000_29750.jpg,0,0,0,0,3,0,1
1022,first_50000_29787.jpeg,0,0,0,8,3,0,1
1023,first_50000_29788.jpg,0,0,0,1,3,0,1
1024,first_50000_29970.JPG,0,0,0,7,2,0,1
1025,first_50000_29977.JPG,0,0,0,0,3,0,1
1026,first_50000_29979.JPG,0,0,0,5,3,0,1
1027,first_50000_30121.jpg,0,0,1,0,3,0,1
1028,first_50000_30126.jpg,0,0,0,0,2,0,1
1029,first_50000_30128.jpg,0,0,0,0,0,1,1
1030,first_50000_30153.jpg,0,0,0,3,3,0,1
1031,first_50000_30154.jpg,0,0,0,4,3,0,1
1032,first_50000_30185.jpg,0,0,0,0,3,0,1
1033,first_50000_30236.jpg,0,1,0,1,3,0,1
1034,first_50000_30238.jpg,0,0,0,3,3,0,1
1035,first_50000_30295.jpg,1,1,1,0,3,0,1
1036,first_50000_30411.jpg,0,0,0,3,2,0,1
1037,first_50000_30416.jpg,0,0,0,4,3,0,1
1038,first_50000_30532.jpg,0,0,0,1,3,0,1
1039,first_50000_30535.jpg,0,0,0,1,3,0,1
1040,first_50000_30540.jpg,0,1,0,0,3,0,1
1041,first_50000_30547.jpg,0,0,0,8,3,0,1
1042,first_50000_30549.jpg,0,0,0,0,3,0,1
1043,first_50000_30591.jpg,0,0,0,2,3,0,1
1044,first_50000_30596.jpg,0,0,0,8,4,0,0
1045,first_50000_30622.jpg,0,0,0,6,3,0,1
1046,first_50000_30659.jpg,0,0,2,6,3,0,1
1047,first_50000_30686.jpg,0,0,0,0,3,0,1
1048,first_50000_30688.jpg,0,1,0,6,3,0,1
1049,first_50000_30773.jpg,0,0,0,0,3,0,1
1050,first_50000_30774.jpg,0,1,0,1,3,0,1
1051,first_50000_30811.jpg,0,0,0,1,3,0,1
1052,first_50000_30818.jpg,0,0,0,0,3,0,1
1053,first_50000_30863.jpg,0,0,0,2,3,0,1
1054,first_50000_30864.jpg,0,0,0,6,3,0,1
1055,first_50000_30932.jpg,0,0,0,6,3,0,1
1056,first_50000_30949.jpg,0,0,0,1,3,0,1
1057,first_50000_30991.jpg,0,0,0,0,3,0,1
1058,first_50000_30996.jpg,0,0,0,0,3,0,1
1059,first_50000_31010.jpg,0,0,0,4,3,0,1
1060,first_50000_31065.jpg,0,0,0,2,3,0,1
1061,first_50000_31141.jpg,0,0,0,3,3,0,1
1062,first_50000_31148.jpg,0,1,0,6,3,0,1
1063,first_50000_31199.jpg,0,0,0,5,3,0,1
1064,first_50000_31256.jpg,0,0,0,0,3,0,1
1065,first_50000_31258.jpg,0,0,0,1,3,0,1
1066,first_50000_31287.jpg,0,0,0,1,3,0,1
1067,first_50000_31300.jpg,1,1,0,1,1,0,1
1068,first_50000_31307.jpg,0,0,0,0,3,0,1
1069,first_50000_31309.jpg,0,1,0,1,2,0,1
1070,first_50000_31404.jpg,0,0,0,1,3,0,1
1071,first_50000_31417.jpeg,1,1,0,0,3,0,1
1072,first_50000_31509.jpeg,0,0,0,2,3,0,1
1073,first_50000_31520.jpg,0,0,0,0,0,1,1
1074,first_50000_31529.jpg,1,0,1,5,3,0,1
1075,first_50000_31555.jpg,0,0,0,0,2,0,1
1076,first_50000_31584.jpg,0,1,0,4,3,0,1
1077,first_50000_31637.jpg,1,0,1,6,3,0,1
1078,first_50000_31639.jpg,0,0,0,0,3,0,1
1079,first_50000_31642.jpg,0,0,0,1,3,0,1
1080,first_50000_31645.jpg,0,1,0,1,3,0,1
1081,first_50000_31680.JPG,0,0,0,7,3,0,1
1082,first_50000_31752.jpeg,0,0,0,1,3,0,1
1083,first_50000_31761.jpg,0,0,0,1,3,0,1
1084,first_50000_31766.jpg,0,0,0,8,4,0,0
1085,first_50000_31768.jpg,0,0,1,1,3,0,1
1086,first_50000_31804.jpg,0,0,0,2,3,0,1
1087,first_50000_31871.jpg,0,1,0,0,3,0,1
1088,first_50000_31876.jpg,0,0,0,6,3,0,1
1089,first_50000_31878.jpg,1,0,0,4,2,0,1
1090,first_50000_31920.jpg,0,0,0,0,3,0,1
1091,first_50000_31929.jpg,0,0,0,1,3,0,1
1092,first_50000_31952.jpg,0,0,0,4,3,0,1
1093,first_50000_31983.jpg,0,0,0,0,0,1,1
1094,first_50000_31984.jpg,0,0,1,1,3,0,1
1095,first_50000_32085.jpg,0,0,0,8,3,0,1
1096,first_50000_32102.jpg,0,0,0,1,2,0,1
1097,first_50000_32105.jpg,0,0,1,1,3,0,1
1098,first_50000_32170.jpg,0,0,0,6,3,0,1
1099,first_50000_32177.jpg,0,0,1,0,3,0,1
1100,first_50000_32179.jpeg,0,0,0,1,3,0,1
1101,first_50000_32215.jpg,0,0,0,0,3,0,1
1102,first_50000_32260.jpg,0,0,1,0,3,0,1
1103,first_50000_32269.jpg,0,0,0,5,3,0,1
1104,first_50000_32322.JPG,0,0,0,1,3,0,1
1105,first_50000_32331.jpg,0,0,0,0,0,1,1
1106,first_50000_32338.jpg,0,0,0,1,2,0,1
1107,first_50000_32435.jpg,0,0,0,7,3,0,1
1108,first_50000_32447.jpg,1,1,0,1,3,0,1
1109,first_50000_32491.jpg,0,0,0,0,3,0,1
1110,first_50000_32516.jpg,1,0,0,0,3,0,1
1111,first_50000_32518.jpg,0,0,0,1,3,0,1
1112,first_50000_32564.jpg,0,0,0,1,3,0,1
1113,first_50000_32673.jpg,1,0,0,5,3,0,1
1114,first_50000_32722.jpg,1,1,0,6,3,0,1
1115,first_50000_32750.jpg,1,0,0,1,3,0,1
1116,first_50000_32781.jpg,1,1,0,0,3,0,1
1117,first_50000_32786.jpg,0,0,0,1,3,0,1
1118,first_50000_32835.jpg,0,0,0,8,3,0,1
1119,first_50000_32847.jpg,1,1,0,0,3,0,1
1120,first_50000_32849.jpg,0,1,0,1,3,0,1
1121,first_50000_32891.jpg,0,1,0,1,3,0,1
1122,first_50000_32896.jpg,0,0,0,3,3,0,1
1123,first_50000_32898.jpg,1,1,1,2,2,0,1
1124,first_50000_32963.jpg,0,0,1,1,3,0,1
1125,first_50000_32964.jpg,0,1,1,1,1,0,1
1126,first_50000_33048.jpg,0,0,0,0,3,0,1
1127,first_50000_33055.JPG,0,0,0,2,3,0,1
1128,first_50000_33097.jpg,0,0,0,0,1,0,1
1129,first_50000_33099.jpg,0,0,0,0,3,0,1
1130,first_50000_33117.jpg,0,0,0,1,3,0,1
1131,first_50000_33119.jpg,1,1,1,5,0,0,1
1132,first_50000_33162.jpg,0,0,0,1,1,0,1
1133,first_50000_33207.jpg,0,0,0,6,3,0,1
1134,first_50000_33209.jpg,0,0,0,1,3,0,1
1135,first_50000_33387.jpg,1,1,0,1,3,0,1
1136,first_50000_33389.jpg,0,0,0,3,3,0,1
1137,first_50000_33424.jpeg,1,0,1,5,3,0,1
1138,first_50000_33503.jpg,0,0,0,8,4,0,0
1139,first_50000_33504.jpg,0,0,0,3,3,0,1
1140,first_50000_33571.jpg,0,0,0,0,3,0,1
1141,first_50000_33576.jpg,1,0,0,5,4,0,1
1142,first_50000_33578.jpg,0,0,0,1,3,0,1
1143,first_50000_33614.jpg,0,0,0,1,3,0,1
1144,first_50000_33661.jpg,0,0,0,0,0,1,1
1145,first_50000_33666.jpg,0,0,0,0,2,0,1
1146,first_50000_33739.jpg,0,0,0,1,3,0,1
1147,first_50000_33742.jpg,0,0,1,1,3,0,1
1148,first_50000_33827.jpg,0,0,0,1,3,0,1
1149,first_50000_33855.jpg,0,0,0,4,3,0,1
1150,first_50000_33883.jpg,1,0,1,0,3,0,1
1151,first_50000_33884.jpg,0,0,0,0,3,0,1
1152,first_50000_33898.jpeg,1,1,1,0,3,0,1
1153,first_50000_33903.jpg,0,0,0,4,3,0,1
1154,first_50000_33971.jpg,0,0,0,0,3,0,1
1155,first_50000_33976.jpg,0,0,0,0,3,0,1
1156,first_50000_33978.jpg,0,0,0,7,3,0,1
1157,first_50000_34036.jpg,1,1,0,0,3,0,1
1158,first_50000_34092.jpg,0,0,0,8,4,0,0
1159,first_50000_34160.jpg,0,0,0,6,3,0,1
1160,first_50000_34167.jpg,0,0,0,1,3,0,1
1161,first_50000_34321.jpg,0,1,0,1,3,0,1
1162,first_50000_34326.jpg,0,0,0,4,3,0,1
1163,first_50000_34328.jpg,0,0,0,1,3,0,1
1164,first_50000_34353.jpg,0,0,0,1,3,0,1
1165,first_50000_34354.jpg,0,1,0,0,3,0,1
1166,first_50000_34373.jpeg,0,0,0,4,3,0,1
1167,first_50000_34385.jpg,0,1,0,0,3,0,1
1168,first_50000_34450.jpg,0,1,0,0,3,0,1
1169,first_50000_34457.jpg,1,0,0,2,3,0,1
1170,first_50000_34488.jpg,1,0,0,5,2,0,1
1171,first_50000_34506.jpg,0,1,0,3,3,0,1
1172,first_50000_34508.jpg,0,0,0,0,0,1,1
1173,first_50000_34573.jpg,1,1,0,7,2,0,1
1174,first_50000_34574.jpg,1,1,0,7,2,0,1
1175,first_50000_34611.jpg,0,1,0,1,2,0,1
1176,first_50000_34616.jpg,0,1,0,7,2,0,1
1177,first_50000_34740.jpg,0,0,0,7,3,0,1
1178,first_50000_34796.jpg,0,1,0,4,3,0,1
1179,first_50000_34850.jpg,1,1,1,6,3,0,1
1180,first_50000_35024.jpg,0,0,0,3,3,0,1
1181,first_50000_35056.jpg,0,0,0,8,4,0,0
1182,first_50000_35080.jpg,0,0,0,4,3,0,1
1183,first_50000_35087.jpg,1,0,0,0,3,0,1
1184,first_50000_35100.jpg,0,0,0,0,3,0,1
1185,first_50000_35107.jpg,0,0,0,4,3,0,1
1186,first_50000_35172.jpg,0,1,0,0,3,0,1
1187,first_50000_35217.jpg,0,0,0,0,3,0,1
1188,first_50000_35219.jpg,1,0,0,6,3,0,1
1189,first_50000_35262.jpg,0,0,0,5,2,0,1
1190,first_50000_35333.jpg,0,0,0,0,3,0,1
1191,first_50000_35334.jpg,0,0,0,0,3,0,1
1192,first_50000_35341.jpg,0,0,0,0,3,0,1
1193,first_50000_35346.jpg,0,0,0,1,3,0,1
1194,first_50000_35348.jpg,0,0,0,4,3,0,1
1195,first_50000_35390.jpg,0,1,0,7,3,0,1
1196,first_50000_35397.jpg,0,0,0,0,3,0,1
1197,first_50000_35399.jpg,0,0,0,1,3,0,1
1198,first_50000_35442.jpg,1,0,0,0,3,0,1
1199,first_50000_35445.jpg,0,0,0,1,3,0,1
1200,first_50000_35475.jpeg,0,0,0,1,3,0,1
1201,first_50000_35484.jpeg,0,0,1,1,3,0,1
1202,first_50000_35493.jpg,0,0,0,1,3,0,1
1203,first_50000_35494.jpg,1,0,1,5,3,0,1
1204,first_50000_35514.jpg,0,0,0,0,3,0,1
1205,first_50000_35610.JPG,0,0,0,6,3,0,1
1206,first_50000_35676.jpg,0,0,0,3,3,0,1
1207,first_50000_35720.jpg,0,0,0,1,3,0,1
1208,first_50000_35727.jpg,0,0,0,1,3,0,1
1209,first_50000_35752.jpg,0,0,0,0,0,1,1
1210,first_50000_35755.jpg,0,1,0,0,3,0,1
1211,first_50000_35783.jpg,0,1,0,5,3,0,1
1212,first_50000_35784.jpg,0,1,1,6,2,0,1
1213,first_50000_35830.jpg,0,0,0,4,3,0,1
1214,first_50000_35837.jpg,0,0,0,0,0,1,1
1215,first_50000_35842.jpg,0,1,0,8,0,0,1
1216,first_50000_35845.jpg,0,0,0,1,3,0,1
1217,first_50000_35913.jpg,1,0,0,6,3,0,1
1218,first_50000_35966.jpg,1,0,0,6,3,0,1
1219,first_50000_36012.jpg,0,0,0,1,3,0,1
1220,first_50000_36015.jpg,0,0,0,1,3,0,1
1221,first_50000_36060.jpg,0,0,0,1,3,0,1
1222,first_50000_36067.jpg,0,0,0,8,2,0,1
1223,first_50000_36069.jpg,0,0,0,4,3,0,1
1224,first_50000_36131.jpg,1,1,1,8,3,0,1
1225,first_50000_36136.jpg,0,0,0,1,2,0,1
1226,first_50000_36144.jpg,0,1,0,1,3,0,1
1227,first_50000_36221.jpg,0,0,0,0,3,0,1
1228,first_50000_36226.jpg,0,0,0,6,3,0,1
1229,first_50000_36228.jpg,0,1,0,0,3,0,1
1230,first_50000_36253.jpg,1,0,0,1,2,0,1
1231,first_50000_36254.jpg,0,0,1,1,3,0,1
1232,first_50000_36282.jpg,0,0,0,1,2,0,1
1233,first_50000_36370.jpg,0,0,0,6,2,0,1
1234,first_50000_36379.jpg,0,0,0,8,4,0,0
1235,first_50000_36473.jpg,1,0,1,0,3,0,1
1236,first_50000_36474.jpg,0,0,0,1,1,0,1
1237,first_50000_36522.jpg,0,0,0,0,0,1,1
1238,first_50000_36550.jpg,1,0,0,7,3,0,1
1239,first_50000_36557.jpg,0,0,0,6,3,0,1
1240,first_50000_36559.jpg,0,0,0,5,3,0,1
1241,first_50000_36588.jpg,0,0,0,1,3,0,1
1242,first_50000_36691.jpg,0,0,0,0,3,0,1
1243,first_50000_36696.jpg,0,0,0,6,3,0,1
1244,first_50000_36698.jpg,0,0,0,4,3,0,1
1245,first_50000_36716.jpg,0,0,0,4,3,0,1
1246,first_50000_36763.jpg,0,1,1,1,3,0,1
1247,first_50000_36764.jpg,0,0,0,0,0,1,1
1248,first_50000_36801.jpg,0,0,0,0,3,0,1
1249,first_50000_36806.jpg,0,0,0,1,1,0,1
1250,first_50000_36808.jpg,0,0,0,8,4,0,0
1251,first_50000_36925.jpg,0,0,0,3,3,0,1
1252,first_50000_36950.jpg,0,0,0,0,2,0,1
1253,first_50000_36981.jpg,0,0,0,4,3,0,1
1254,first_50000_36986.jpg,0,0,0,8,4,0,0
1255,first_50000_36988.jpg,0,0,0,1,3,0,1
1256,first_50000_37000.jpg,0,0,0,0,3,0,1
1257,first_50000_37007.jpg,0,0,0,6,3,0,1
1258,first_50000_37009.jpg,0,0,0,0,3,0,1
1259,first_50000_37072.jpg,0,0,0,5,3,0,1
1260,first_50000_37075.jpg,0,0,0,3,3,0,1
1261,first_50000_37124.jpg,0,0,0,1,3,0,1
1262,first_50000_37151.jpg,0,0,0,0,3,0,1
1263,first_50000_37233.jpg,0,0,0,1,3,0,1
1264,first_50000_37234.jpg,0,0,0,0,3,0,1
1265,first_50000_37241.jpg,0,0,0,0,2,0,1
1266,first_50000_37248.jpg,1,0,1,0,3,0,1
1267,first_50000_37290.jpg,0,0,0,1,3,0,1
1268,first_50000_37319.jpg,1,0,0,8,0,0,1
1269,first_50000_37362.jpg,0,0,0,3,3,0,1
1270,first_50000_37365.jpg,1,1,0,6,3,0,1
1271,first_50000_37466.jpg,0,0,0,2,3,0,1
1272,first_50000_37545.jpg,0,0,0,8,0,0,1
1273,first_50000_37684.jpg,0,0,0,1,3,0,1
1274,first_50000_37703.jpg,0,0,0,4,3,0,1
1275,first_50000_37704.jpg,1,0,0,2,3,0,1
1276,first_50000_37771.jpg,0,0,0,8,4,0,0
1277,first_50000_37778.jpg,0,0,0,0,3,0,1
1278,first_50000_37861.jpg,0,0,0,1,3,0,1
1279,first_50000_37866.jpg,0,0,0,0,3,0,1
1280,first_50000_37868.jpg,0,0,0,1,3,0,1
1281,first_50000_37993.jpg,1,1,0,2,3,0,1
1282,first_50000_37994.jpg,0,0,0,0,0,1,1
1283,first_50000_38023.jpg,0,0,0,1,3,0,1
1284,first_50000_38024.jpg,0,1,0,8,4,0,0
1285,first_50000_38051.jpg,0,0,0,4,3,0,1
1286,first_50000_38056.jpg,0,0,0,4,3,0,1
1287,first_50000_38058.jpg,0,0,0,4,3,0,1
1288,first_50000_38080.jpg,0,0,0,6,3,0,1
1289,first_50000_38172.jpg,0,0,0,6,3,0,1
1290,first_50000_38210.jpg,0,1,0,7,3,0,1
1291,first_50000_38219.jpg,0,0,0,1,3,0,1
1292,first_50000_38265.jpg,0,0,0,4,0,0,1
1293,first_50000_38333.jpg,0,0,0,6,3,0,1
1294,first_50000_38334.jpg,0,0,0,0,3,0,1
1295,first_50000_38390.jpg,0,1,0,1,3,0,1
1296,first_50000_38430.jpg,0,1,0,1,3,0,1
1297,first_50000_38507.JPG,0,0,0,1,3,0,1
1298,first_50000_38513.jpg,0,0,0,1,3,0,1
1299,first_50000_38566.jpg,0,0,0,8,0,0,1
1300,first_50000_38604.jpg,0,0,0,8,0,0,1
1301,first_50000_38678.jpg,0,0,0,4,3,0,1
1302,first_50000_38752.jpg,0,0,0,1,2,0,1
1303,first_50000_38755.jpg,0,0,0,0,3,0,1
1304,first_50000_38830.jpg,0,0,0,1,3,0,1
1305,first_50000_38845.jpg,0,0,0,1,3,0,1
1306,first_50000_38893.jpg,0,0,0,3,3,0,1
1307,first_50000_38927.jpeg,0,1,0,0,3,0,1
1308,first_50000_38961.jpg,0,0,0,8,4,0,0
1309,first_50000_39043.jpg,0,0,0,6,2,0,1
1310,first_50000_39044.jpg,1,0,0,1,3,0,1
1311,first_50000_39205.jpg,0,1,0,2,0,0,1
1312,first_50000_39277.jpg,0,0,0,5,3,0,1
1313,first_50000_39279.jpg,1,1,0,2,3,0,1
1314,first_50000_39321.jpg,0,0,0,1,3,0,1
1315,first_50000_39326.jpg,0,0,0,1,2,0,1
1316,first_50000_39353.jpg,0,0,0,1,3,0,1
1317,first_50000_39382.jpg,0,0,0,3,3,0,1
1318,first_50000_39422.jpg,0,0,0,6,3,0,1
1319,first_50000_39450.jpg,1,0,0,5,2,0,1
1320,first_50000_39457.jpg,0,1,0,1,3,0,1
1321,first_50000_39459.jpg,0,0,0,6,3,0,1
1322,first_50000_39486.jpg,0,1,0,4,2,0,1
1323,first_50000_39506.jpg,0,0,1,0,3,0,1
1324,first_50000_39574.jpg,0,0,0,7,3,0,1
1325,first_50000_39602.JPG,0,1,1,1,3,0,1
1326,first_50000_39611.jpg,0,0,0,1,3,0,1
1327,first_50000_39616.jpg,0,1,0,7,2,0,1
1328,first_50000_39618.jpg,0,0,0,0,3,0,1
1329,first_50000_39663.jpg,0,0,1,0,3,0,1
1330,first_50000_39664.jpg,0,0,0,0,0,1,1
1331,first_50000_39732.jpg,0,0,0,1,3,0,1
1332,first_50000_39791.jpg,0,1,0,1,2,0,1
1333,first_50000_39822.jpg,0,0,0,4,3,0,1
1334,first_50000_39881.jpg,0,0,0,0,0,1,1
1335,first_50000_39888.jpg,1,1,0,2,3,0,1
1336,first_50000_39973.jpg,0,1,1,0,2,0,1
1337,first_50000_40032.jpg,0,0,0,0,3,0,1
1338,first_50000_40035.jpg,0,0,0,4,3,0,1
1339,first_50000_40040.jpg,0,0,0,0,3,0,1
1340,first_50000_40047.jpg,0,0,0,1,3,0,1
1341,first_50000_40091.jpg,0,0,0,6,3,0,1
1342,first_50000_40096.jpg,0,0,1,8,2,0,1
1343,first_50000_40111.jpg,0,0,0,0,3,0,1
1344,first_50000_40118.jpg,0,0,1,6,3,0,1
1345,first_50000_40163.jpg,1,1,0,0,2,0,1
1346,first_50000_40322.jpg,0,1,1,1,3,0,1
1347,first_50000_40325.jpg,0,0,0,0,3,0,1
1348,first_50000_40381.jpg,0,0,0,0,3,0,1
1349,first_50000_40388.jpg,0,0,1,1,3,0,1
1350,first_50000_40426.jpg,0,0,0,4,3,0,1
1351,first_50000_40428.jpg,0,0,0,8,4,0,0
1352,first_50000_40485.jpg,0,0,0,0,3,0,1
1353,first_50000_40502.jpg,0,0,0,6,3,0,1
1354,first_50000_40505.jpg,0,0,0,5,4,0,1
1355,first_50000_40612.jpg,1,0,0,6,3,0,1
1356,first_50000_40667.jpg,0,0,0,0,3,0,1
1357,first_50000_40736.jpg,0,0,1,5,2,0,1
1358,first_50000_40795.jpg,0,0,0,0,3,0,1
1359,first_50000_40821.jpg,0,0,0,6,3,0,1
1360,first_50000_40854.jpg,1,1,0,1,3,0,1
1361,first_50000_40882.jpg,1,1,0,6,2,0,1
1362,first_50000_40885.jpg,1,0,0,5,2,0,1
1363,first_50000_41027.jpg,0,0,0,5,3,0,1
1364,first_50000_41029.jpg,0,0,0,7,3,0,1
1365,first_50000_41052.jpg,0,0,0,0,1,0,1
1366,first_50000_41103.jpg,0,0,0,8,4,0,0
1367,first_50000_41176.jpg,0,0,0,4,2,0,1
1368,first_50000_41178.jpg,0,0,0,0,0,1,1
1369,first_50000_41213.jpg,0,0,0,1,2,0,1
1370,first_50000_41214.jpg,0,0,0,2,3,0,1
1371,first_50000_41261.jpg,0,0,0,1,3,0,1
1372,first_50000_41268.jpg,0,0,0,4,3,0,1
1373,first_50000_41339.jpg,0,0,0,6,3,0,1
1374,first_50000_41393.jpg,0,0,0,5,3,0,1
1375,first_50000_41441.jpg,0,0,0,1,3,0,1
1376,first_50000_41446.jpg,0,0,0,0,3,0,1
1377,first_50000_41448.jpg,0,0,0,7,3,0,1
1378,first_50000_41510.jpg,0,0,0,1,3,0,1
1379,first_50000_41517.jpg,0,0,0,4,3,0,1
1380,first_50000_41519.jpg,0,1,0,4,2,0,1
1381,first_50000_41562.jpg,0,0,0,0,1,0,1
1382,first_50000_41565.jpg,0,0,0,1,3,0,1
1383,first_50000_41607.jpg,0,0,0,1,3,0,1
1384,first_50000_41609.jpg,0,0,0,8,3,0,1
1385,first_50000_41723.jpg,0,0,0,6,3,0,1
1386,first_50000_41758.jpg,0,0,0,6,3,0,1
1387,first_50000_41848.jpg,0,0,0,1,3,0,1
1388,first_50000_41899.jpg,0,1,1,8,0,0,1
1389,first_50000_41910.jpg,1,0,0,0,3,0,1
1390,first_50000_41917.jpg,0,0,0,1,3,0,1
1391,first_50000_41962.jpg,0,0,0,0,0,1,1
1392,first_50000_42016.jpg,0,0,0,0,0,1,1
1393,first_50000_42018.jpg,0,0,0,1,3,0,1
1394,first_50000_42063.jpg,0,0,0,6,3,0,1
1395,first_50000_42064.jpg,0,0,0,8,3,0,1
1396,first_50000_42132.jpg,0,0,0,7,3,0,1
1397,first_50000_42140.jpg,0,0,0,6,3,0,1
1398,first_50000_42191.jpg,0,0,0,0,0,1,1
1399,first_50000_42196.jpg,0,0,0,0,0,1,1
1400,first_50000_42198.jpg,0,0,0,0,0,1,1
1401,first_50000_42225.jpg,0,0,0,0,0,1,1
1402,first_50000_42250.jpg,0,0,0,0,0,1,1
1403,first_50000_42257.jpg,0,0,0,0,3,0,1
1404,first_50000_42259.jpg,0,0,0,1,3,0,1
1405,first_50000_42281.jpg,1,0,0,1,3,0,1
1406,first_50000_42286.jpg,0,0,0,0,0,1,1
1407,first_50000_42288.jpg,0,0,0,0,0,1,1
1408,first_50000_42374.jpg,0,0,0,0,0,1,1
1409,first_50000_42402.jpg,0,0,0,0,0,1,1
1410,first_50000_42405.jpg,1,0,0,7,3,0,1
1411,first_50000_42470.jpg,0,0,0,0,3,0,1
1412,first_50000_42554.jpg,0,0,0,6,3,0,1
1413,first_50000_42582.jpg,0,0,0,1,3,0,1
1414,first_50000_42636.jpg,0,0,0,4,3,0,1
1415,first_50000_42760.jpg,0,0,0,2,3,0,1
1416,first_50000_42767.jpg,0,0,0,8,4,0,0
1417,first_50000_42769.jpg,0,0,0,1,3,0,1
1418,first_50000_42770.jpeg,0,0,1,5,2,0,1
1419,first_50000_42802.jpg,0,0,2,1,1,0,1
1420,first_50000_42805.jpg,0,1,0,1,2,0,1
1421,first_50000_42921.jpg,0,0,0,0,2,0,1
1422,first_50000_42928.jpg,0,0,1,6,2,0,1
1423,first_50000_42953.jpg,1,1,0,5,2,0,1
1424,first_50000_42982.jpg,0,0,0,0,3,0,1
1425,first_50000_42985.jpg,0,0,0,2,3,0,1
1426,first_50000_43071.jpg,0,0,0,1,3,0,1
1427,first_50000_43152.jpg,0,0,0,8,3,0,1
1428,first_50000_43183.jpg,0,1,0,1,2,0,1
1429,first_50000_43184.jpg,0,0,0,7,2,0,1
1430,first_50000_43230.jpg,1,1,0,1,3,0,1
1431,first_50000_43237.jpg,1,1,1,2,0,0,1
1432,first_50000_43239.jpg,0,1,0,4,3,0,1
1433,first_50000_43242.jpg,0,1,0,1,1,0,1
1434,first_50000_43245.jpg,0,1,0,1,1,0,1
1435,first_50000_43313.jpg,0,0,0,6,3,0,1
1436,first_50000_43366.jpg,0,1,0,7,1,0,1
1437,first_50000_43417.jpg,0,0,0,1,3,0,1
1438,first_50000_43465.jpg,0,0,0,0,3,0,1
1439,first_50000_43541.jpg,0,1,0,0,3,0,1
1440,first_50000_43623.jpg,0,0,0,4,3,0,1
1441,first_50000_43624.jpg,0,0,0,1,3,0,1
1442,first_50000_43656.jpg,0,0,0,7,3,0,1
1443,first_50000_43658.jpg,0,0,0,6,2,0,1
1444,first_50000_43680.jpg,0,0,0,7,3,0,1
1445,first_50000_43689.jpg,0,0,0,1,2,0,1
1446,first_50000_43700.jpg,0,0,0,6,3,0,1
1447,first_50000_43707.jpg,0,0,1,8,0,0,1
1448,first_50000_43709.jpg,0,0,0,2,3,0,1
1449,first_50000_43772.jpg,0,0,0,0,3,0,1
1450,first_50000_43933.jpg,0,0,0,1,3,0,1
1451,first_50000_43934.jpg,0,0,0,8,4,0,0
1452,first_50000_43941.jpg,0,0,0,1,3,0,1
1453,first_50000_43946.jpg,0,0,0,4,2,0,1
1454,first_50000_43948.jpg,0,0,0,1,3,0,1
1455,first_50000_43990.jpg,0,0,0,5,3,0,1
1456,first_50000_43997.jpg,0,0,0,0,3,0,1
1457,first_50000_43999.jpg,0,0,0,4,3,0,1
1458,first_50000_44001.jpg,0,0,0,4,3,0,1
1459,first_50000_44006.jpg,0,0,0,1,3,0,1
1460,first_50000_44073.jpg,0,0,0,2,3,0,1
1461,first_50000_44074.jpg,0,0,0,0,3,0,1
1462,first_50000_44122.jpg,0,0,0,5,3,0,1
1463,first_50000_44125.jpg,0,0,0,1,3,0,1
1464,first_50000_44150.jpg,0,0,0,0,2,0,1
1465,first_50000_44157.jpg,0,0,0,6,3,0,1
1466,first_50000_44159.jpg,0,0,0,0,3,0,1
1467,first_50000_44181.jpg,0,0,0,1,3,0,1
1468,first_50000_44188.jpg,0,0,0,0,3,0,1
1469,first_50000_44232.jpg,0,0,0,6,3,0,1
1470,first_50000_44235.jpg,0,0,0,0,0,1,1
1471,first_50000_44296.jpg,0,0,0,1,3,0,1
1472,first_50000_44311.jpg,0,0,0,0,3,0,1
1473,first_50000_44363.jpg,0,0,0,3,3,0,1
1474,first_50000_44364.jpg,0,1,0,0,3,0,1
1475,first_50000_44412.jpg,0,0,0,8,4,0,0
1476,first_50000_44415.jpg,0,0,0,1,2,0,1
1477,first_50000_44460.jpg,0,0,0,0,3,0,1
1478,first_50000_44467.jpg,0,0,0,1,3,0,1
1479,first_50000_44531.jpg,0,0,0,1,3,0,1
1480,first_50000_44536.jpg,0,0,0,1,3,0,1
1481,first_50000_44592.jpg,0,0,0,8,4,0,0
1482,first_50000_44653.jpg,0,0,0,0,3,0,1
1483,first_50000_44654.jpg,0,0,0,6,3,0,1
1484,first_50000_44682.jpg,0,0,0,1,3,0,1
1485,first_50000_44685.jpg,0,0,0,4,3,0,1
1486,first_50000_44702.jpg,0,0,0,6,3,0,1
1487,first_50000_44711.JPG,0,0,0,1,3,0,1
1488,first_50000_44718.JPG,0,0,0,4,3,0,1
1489,first_50000_44763.JPG,0,0,0,1,3,0,1
1490,first_50000_44764.JPG,0,0,0,3,3,0,1
1491,first_50000_44777.jpg,0,0,0,4,3,0,1
1492,first_50000_44779.jpg,0,0,0,1,3,0,1
1493,first_50000_44812.jpg,0,0,0,1,3,0,1
1494,first_50000_44860.jpg,0,1,0,6,3,0,1
1495,first_50000_44931.jpg,0,0,0,0,3,0,1
1496,first_50000_44938.jpg,0,0,0,1,3,0,1
1497,first_50000_44943.jpg,0,0,0,6,3,0,1
1498,first_50000_44944.jpg,0,0,0,6,3,0,1
1499,first_50000_44995.jpg,0,0,0,0,0,1,1
1500,first_50000_45013.jpg,0,0,0,2,3,0,1
1501,first_50000_45014.jpg,0,0,0,1,3,0,1
1502,first_50000_45061.jpg,0,0,0,0,3,0,1
1503,first_50000_45066.jpg,0,0,0,0,3,0,1
1504,first_50000_45068.jpg,0,0,0,3,3,0,1
1505,first_50000_45139.jpg,0,0,0,0,3,0,1
1506,first_50000_45142.jpg,0,0,0,0,3,0,1
1507,first_50000_45145.jpg,0,0,0,0,0,1,1
1508,first_50000_45255.jpg,0,0,0,3,3,0,1
1509,first_50000_45283.jpg,0,0,0,0,3,0,1
1510,first_50000_45284.jpg,0,0,0,0,3,0,1
1511,first_50000_45371.jpg,0,0,0,0,3,0,1
1512,first_50000_45400.jpg,0,0,0,0,3,0,1
1513,first_50000_45524.jpg,0,0,0,1,3,0,1
1514,first_50000_45528.jpeg,1,0,0,1,3,0,1
1515,first_50000_45558.jpg,0,0,0,1,2,0,1
1516,first_50000_45580.jpg,1,0,0,0,3,0,1
1517,first_50000_45589.jpg,0,0,0,0,3,0,1
1518,first_50000_45641.jpg,0,0,0,0,0,1,1
1519,first_50000_45646.jpg,1,0,0,1,3,0,1
1520,first_50000_45690.jpg,0,0,0,2,3,0,1
1521,first_50000_45697.jpg,0,0,0,0,0,1,1
1522,first_50000_45717.jpg,1,0,0,0,3,0,1
1523,first_50000_45719.jpg,0,0,0,0,0,1,1
1524,first_50000_45762.jpg,1,0,0,0,3,0,1
1525,first_50000_45809.jpg,1,0,1,2,3,0,1
1526,first_50000_45872.jpg,0,0,0,1,3,0,1
1527,first_50000_45923.jpg,0,0,0,3,3,0,1
1528,first_50000_45924.jpg,1,0,0,0,3,0,1
1529,first_50000_45951.jpg,0,0,0,1,3,0,1
1530,first_50000_45956.jpg,1,0,0,1,3,0,1
1531,first_50000_45980.jpg,0,0,0,3,3,0,1
1532,first_50000_45987.jpg,1,1,1,5,3,0,1
1533,first_50000_46050.jpg,0,0,0,4,3,0,1
1534,first_50000_46086.jpg,0,0,0,1,3,0,1
1535,first_50000_46088.jpg,0,1,0,2,4,0,1
1536,first_50000_46101.jpg,0,0,0,0,0,1,1
1537,first_50000_46106.jpg,0,0,1,0,3,0,1
1538,first_50000_46108.jpg,0,0,1,2,3,0,1
1539,first_50000_46216.jpg,1,0,0,6,3,0,1
1540,first_50000_46218.jpg,0,0,1,0,3,0,1
1541,first_50000_46332.jpg,0,0,0,8,4,0,0
1542,first_50000_46340.jpg,0,0,0,2,3,0,1
1543,first_50000_46349.jpg,1,0,1,0,3,0,1
1544,first_50000_46396.jpg,1,0,0,3,3,0,1
1545,first_50000_46398.jpg,1,1,0,5,3,0,1
1546,first_50000_46436.jpg,0,0,0,1,3,0,1
1547,first_50000_46438.jpg,0,0,0,0,3,0,1
1548,first_50000_46457.JPG,0,0,1,1,3,0,1
1549,first_50000_46492.jpg,0,0,0,1,3,0,1
1550,first_50000_46560.jpg,0,0,0,0,3,0,1
1551,first_50000_46569.jpg,0,0,0,0,3,0,1
1552,first_50000_46616.JPG,0,0,0,8,0,0,1
1553,first_50000_46677.jpg,0,0,0,0,0,1,1
1554,first_50000_46679.jpg,0,0,0,0,0,1,1
1555,first_50000_46785.jpg,0,0,0,0,0,1,1
1556,first_50000_46799.jpeg,0,0,0,2,3,0,1
1557,first_50000_46838.jpg,0,0,0,0,0,1,1
1558,first_50000_46912.jpg,0,0,0,1,3,0,1
1559,first_50000_47030.jpg,0,0,0,1,3,0,1
1560,first_50000_47093.jpg,0,0,0,0,0,1,1
1561,first_50000_47094.jpg,1,0,1,5,2,0,1
1562,first_50000_47161.jpg,1,0,0,2,3,0,1
1563,first_50000_47166.jpg,1,0,0,1,3,0,1
1564,first_50000_47168.jpg,1,0,0,0,3,0,1
1565,first_50000_47203.jpg,1,0,1,1,3,0,1
1566,first_50000_47204.jpg,0,0,1,7,2,0,1
1567,first_50000_47271.jpg,0,0,1,3,3,0,1
1568,first_50000_47276.jpg,0,1,0,6,3,0,1
1569,first_50000_47278.jpg,1,0,1,2,3,0,1
1570,first_50000_47320.jpg,0,0,1,8,0,0,1
1571,first_50000_47327.jpg,0,0,0,5,3,0,1
1572,first_50000_47329.jpg,0,0,0,2,3,0,1
1573,first_50000_47384.jpg,0,1,0,0,3,0,1
1574,first_50000_47423.jpg,1,1,0,2,2,0,1
1575,first_50000_47451.jpg,0,0,0,1,2,0,1
1576,first_50000_47500.jpg,0,0,1,1,2,0,1
1577,first_50000_47572.jpg,0,0,0,0,3,0,1
1578,first_50000_47575.jpg,0,0,0,5,3,0,1
1579,first_50000_47610.jpg,0,0,0,1,3,0,1
1580,first_50000_47662.jpg,1,1,0,5,3,0,1
1581,first_50000_47665.jpg,0,0,0,7,3,0,1
1582,first_50000_47733.jpg,0,0,0,0,3,0,1
1583,first_50000_47790.jpg,0,1,0,1,3,0,1
1584,first_50000_47797.jpg,1,0,0,0,2,0,1
1585,first_50000_47799.jpg,0,0,1,2,1,0,1
1586,first_50000_47824.jpg,1,1,0,5,3,0,1
1587,first_50000_47851.jpg,0,0,0,2,3,0,1
1588,first_50000_47856.jpg,0,0,0,1,2,0,1
1589,first_50000_47907.jpg,0,0,1,5,3,0,1
1590,first_50000_47975.jpg,0,0,0,2,3,0,1
1591,first_50000_48013.jpg,1,1,0,1,2,0,1
1592,first_50000_48014.jpg,0,0,0,8,4,0,0
1593,first_50000_48026.jpeg,1,0,0,6,3,0,1
1594,first_50000_48066.jpg,0,0,0,0,1,0,1
1595,first_50000_48068.jpg,0,0,0,1,3,0,1
1596,first_50000_48137.jpg,0,0,0,5,3,0,1
1597,first_50000_48139.jpg,0,0,0,3,3,0,1
1598,first_50000_48142.jpg,0,0,0,1,3,0,1
1599,first_50000_48145.jpg,0,0,1,4,3,0,1
1600,first_50000_48193.jpg,0,0,0,1,3,0,1
1601,first_50000_48194.jpg,0,0,0,4,3,0,1
1602,first_50000_48227.jpg,1,1,0,2,3,0,1
1603,first_50000_48229.jpg,0,0,0,4,3,0,1
1604,first_50000_48252.jpg,0,0,0,8,4,0,0
1605,first_50000_48255.jpg,0,0,0,0,0,1,1
1606,first_50000_48283.jpg,0,0,0,0,3,0,1
1607,first_50000_48304.jpg,0,0,0,4,3,0,1
1608,first_50000_48409.jpg,0,0,0,8,4,0,0
1609,first_50000_48472.jpg,0,0,0,1,1,0,1
1610,first_50000_48475.jpg,0,1,0,1,2,0,1
1611,first_50000_48556.jpg,0,0,0,1,3,0,1
1612,first_50000_48558.jpg,0,0,1,6,3,0,1
1613,first_50000_48627.jpeg,0,0,0,6,3,0,1
1614,first_50000_48634.jpg,0,0,0,4,3,0,1
1615,first_50000_48641.jpg,0,0,0,0,0,1,1
1616,first_50000_48646.jpg,0,0,0,4,3,0,1
1617,first_50000_48648.jpg,0,0,0,3,3,0,1
1618,first_50000_48697.jpg,0,0,0,1,3,0,1
1619,first_50000_48699.jpg,0,0,0,1,3,0,1
1620,first_50000_48717.jpg,0,1,0,0,3,0,1
1621,first_50000_48762.jpg,0,0,0,2,2,0,1
1622,first_50000_48800.jpg,0,0,0,1,3,0,1
1623,first_50000_48875.jpg,0,0,0,6,3,0,1
1624,first_50000_48923.jpg,0,0,0,1,3,0,1
1625,first_50000_48951.jpg,1,0,0,5,3,0,1
1626,first_50000_48956.jpg,0,0,0,0,0,1,1
1627,first_50000_48980.jpg,0,0,0,8,4,0,0
1628,first_50000_48987.jpg,0,0,0,7,3,0,1
1629,first_50000_48989.jpg,0,0,0,1,3,0,1
1630,first_50000_49001.jpg,1,1,0,6,3,0,1
1631,first_50000_49006.jpg,0,0,0,8,1,0,1
1632,first_50000_49008.jpg,0,0,0,0,3,0,1
1633,first_50000_49073.jpg,0,0,0,7,3,0,1
1634,first_50000_49150.jpg,0,0,0,3,3,0,1
1635,first_50000_49186.jpg,0,0,0,4,3,0,1
1636,first_50000_49240.jpg,1,0,0,1,3,0,1
1637,first_50000_49249.jpg,0,0,0,1,3,0,1
1638,first_50000_49291.jpg,0,0,0,6,3,0,1
1639,first_50000_49298.jpg,0,0,1,1,3,0,1
1640,first_50000_49316.jpg,0,0,0,0,3,0,1
1641,first_50000_49318.jpg,0,1,0,6,3,0,1
1642,first_50000_49364.jpg,0,0,0,1,3,0,1
1643,first_50000_49412.jpg,0,0,0,0,3,0,1
1644,first_50000_49460.jpg,0,0,0,3,3,0,1
1645,first_50000_49467.jpg,0,0,0,6,3,0,1
1646,first_50000_49469.jpg,0,0,0,8,4,0,0
1647,first_50000_49531.jpg,0,0,0,3,3,0,1
1648,first_50000_49536.jpg,0,0,0,3,3,0,1
1649,first_50000_49538.jpg,0,0,0,1,3,0,1
1650,first_50000_49544.jpg,0,0,0,1,3,0,1
1651,first_50000_49654.jpg,0,0,0,0,0,1,1
1652,first_50000_49682.jpg,0,0,0,0,3,0,1
1653,first_50000_49684.jpeg,0,0,0,7,3,0,1
1654,first_50000_49685.jpg,1,1,0,5,3,0,1
1655,first_50000_49702.jpg,0,1,0,1,3,0,1
1656,first_50000_49770.jpg,0,1,0,4,3,0,1
1657,first_50000_49777.jpg,0,0,0,0,3,0,1
1658,first_50000_49779.jpg,0,0,2,1,3,0,1
1659,first_50000_49812.jpg,0,0,0,0,2,0,1
1660,first_50000_49815.jpg,0,0,1,1,3,0,1
1661,first_50000_49860.jpg,0,0,0,1,2,0,1
1662,first_50000_49867.jpg,0,0,0,0,3,0,1
1663,first_50000_49936.jpg,0,1,0,1,3,0,1
1664,first_50000_49938.jpg,0,0,0,6,3,0,1
1665,first_50000_49992.jpg,0,1,0,6,3,0,1
1666,first_50000_49995.jpg,0,0,0,7,3,0,1
